Пушкин, Александр Сергеевич;поэт;"Пушкин А. С. Полное собрание сочинений: В 17 т.: Т. 15. Переписка, 1832—1834. М.: Воскресенье, 1996. — 418 с.; ил. ";1996;письмо;односторонняя;П. А. Осиповой (1). ~ 8—9 января 1832.
Пушкин, Александр Сергеевич;поэт;"Пушкин А. С. Полное собрание сочинений: В 17 т.: Т. 15. Переписка, 1832—1834. М.: Воскресенье, 1996. — 418 с.; ил. ";1996;письмо;односторонняя;А. А. Орлову. (1). 24 ноября 1831, 9 января 1832.
Пушкин, Александр Сергеевич;поэт;"Пушкин А. С. Полное собрание сочинений: В 17 т.: Т. 15. Переписка, 1832—1834. М.: Воскресенье, 1996. — 418 с.; ил. ";1996;письмо;односторонняя;П. В. Нащокину. (1). 8, 10 января 1832.
Пушкин, Александр Сергеевич;поэт;"Пушкин А. С. Полное собрание сочинений: В 17 т.: Т. 15. Переписка, 1832—1834. М.: Воскресенье, 1996. — 418 с.; ил. ";1996;письмо;односторонняя;М О. Судиенке. (1). 15 января 1832.
Пушкин, Александр Сергеевич;поэт;"Пушкин А. С. Полное собрание сочинений: В 17 т.: Т. 15. Переписка, 1832—1834. М.: Воскресенье, 1996. — 418 с.; ил. ";1996;письмо;односторонняя;А. Д. Балашев — А. С. Пушкину. (1). 19 января 1832.
Пушкин, Александр Сергеевич;поэт;"Пушкин А. С. Полное собрание сочинений: В 17 т.: Т. 15. Переписка, 1832—1834. М.: Воскресенье, 1996. — 418 с.; ил. ";1996;письмо;односторонняя;Д. Н. Блудову. (1). 20 января 1832.
Балашов, Александр Дмитриевич;государственный деятель, первый министр полиции (1810—1812), одновременно санкт-петербургский военный губернатор (1809—1812), генерал от инфантерии (1823), генерал-адъютант (1809).;"Пушкин А. С. Полное собрание сочинений: В 17 т.: Т. 15. Переписка, 1832—1834. М.: Воскресенье, 1996. — 418 с.; ил. ";1996;письмо;двусторонняя;А. С. Пушкину. (1). 22 января 1832.
Пушкин, Александр Сергеевич;поэт;"Пушкин А. С. Полное собрание сочинений: В 17 т.: Т. 15. Переписка, 1832—1834. М.: Воскресенье, 1996. — 418 с.; ил. ";1996;письмо;двусторонняя;А. Д. Балашеву, (1). 23 января 1832.
Осипова, Прасковья Александровна (Вульф. Вындомская);псковская помещица, хозяйка усадьбы Тригорское, соседка А. С. Пушкина по имению Михайловское, близкий друг поэта;"Пушкин А. С. Полное собрание сочинений: В 17 т.: Т. 15. Переписка, 1832—1834. М.: Воскресенье, 1996. — 418 с.; ил. ";1996;письмо;односторонняя;А. С. Пушкину. (1). 25 января 1832.
Вяземский, Пётр Андреевич;поэт, литературный критик, историк, переводчик, публицист, мемуарист;"Пушкин А. С. Полное собрание сочинений: В 17 т.: Т. 15. Переписка, 1832—1834. М.: Воскресенье, 1996. — 418 с.; ил. ";1996;письмо;односторонняя;А. С. Пушкину. (1). ~ 25—26 января 1832.
Пушкин, Александр Сергеевич;поэт;"Пушкин А. С. Полное собрание сочинений: В 17 т.: Т. 15. Переписка, 1832—1834. М.: Воскресенье, 1996. — 418 с.; ил. ";1996;письмо;односторонняя;П. В. Нащокину. (1). ~ 29 января 1832.
Пушкин, Александр Сергеевич;поэт;"Пушкин А. С. Полное собрание сочинений: В 17 т.: Т. 15. Переписка, 1832—1834. М.: Воскресенье, 1996. — 418 с.; ил. ";1996;письмо;односторонняя;Е. М. Хитрово. (1). Конец января 1832.
Пушкин, Александр Сергеевич;поэт;"Пушкин А. С. Полное собрание сочинений: В 17 т.: Т. 15. Переписка, 1832—1834. М.: Воскресенье, 1996. — 418 с.; ил. ";1996;письмо;односторонняя;И. И. Дмитриев — А. С. Пушкину. (1). 1 февраля 1832.
Пушкин, Александр Сергеевич;поэт;"Пушкин А. С. Полное собрание сочинений: В 17 т.: Т. 15. Переписка, 1832—1834. М.: Воскресенье, 1996. — 418 с.; ил. ";1996;письмо;односторонняя;И. В. Киреевскому. (1). 4 февраля 1832.
Бенкендорф, Александр Христофорович;государственный деятель, военачальник, генерал от кавалерии, шеф жандармов;"Пушкин А. С. Полное собрание сочинений: В 17 т.: Т. 15. Переписка, 1832—1834. М.: Воскресенье, 1996. — 418 с.; ил. ";1996;письмо;двусторонняя;А. C. Пушкину. (1). 7 февраля 1832.
Пушкин, Александр Сергеевич;поэт;"Пушкин А. С. Полное собрание сочинений: В 17 т.: Т. 15. Переписка, 1832—1834. М.: Воскресенье, 1996. — 418 с.; ил. ";1996;письмо;двусторонняя;А. Х. Бенкендорфу. (1). 7 февраля 1832.
Рохманов, А. Ф.;;"Пушкин А. С. Полное собрание сочинений: В 17 т.: Т. 15. Переписка, 1832—1834. М.: Воскресенье, 1996. — 418 с.; ил. ";1996;письмо;односторонняя;А. С. Пушкину. (1). 9 февраля 1832.
Пушкин, Александр Сергеевич;поэт;"Пушкин А. С. Полное собрание сочинений: В 17 т.: Т. 15. Переписка, 1832—1834. М.: Воскресенье, 1996. — 418 с.; ил. ";1996;письмо;односторонняя;П. В. Нащокину. (1). Первая половина февраля 1832.
Пушкин, Александр Сергеевич;поэт;"Пушкин А. С. Полное собрание сочинений: В 17 т.: Т. 15. Переписка, 1832—1834. М.: Воскресенье, 1996. — 418 с.; ил. ";1996;письмо;односторонняя;И. И. Дмитриеву. (1). 14 февраля 1832.
Бенкендорф, Александр Христофорович;государственный деятель, военачальник, генерал от кавалерии, шеф жандармов;"Пушкин А. С. Полное собрание сочинений: В 17 т.: Т. 15. Переписка, 1832—1834. М.: Воскресенье, 1996. — 418 с.; ил. ";1996;письмо;двусторонняя;А. С. Пушкину. (1). 17 февраля 1832.
Сербинович, Константин Степанович;тайный советник, почётный член Петербургской Академии Наук (1841);"Пушкин А. С. Полное собрание сочинений: В 17 т.: Т. 15. Переписка, 1832—1834. М.: Воскресенье, 1996. — 418 с.; ил. ";1996;письмо;односторонняя;А. С. Пушкину. (1). 18 февраля 1832.
Пушкин, Александр Сергеевич;поэт;"Пушкин А. С. Полное собрание сочинений: В 17 т.: Т. 15. Переписка, 1832—1834. М.: Воскресенье, 1996. — 418 с.; ил. ";1996;письмо;двусторонняя;А. Х. Бенкендорфу. (1). 18—24 февраля 1832.
Пушкин, Александр Сергеевич;поэт;"Пушкин А. С. Полное собрание сочинений: В 17 т.: Т. 15. Переписка, 1832—1834. М.: Воскресенье, 1996. — 418 с.; ил. ";1996;письмо;двусторонняя;А. Х. Бенкендорфу. (1). 24 февраля 1832.
Пушкин, Александр Сергеевич;поэт;"Пушкин А. С. Полное собрание сочинений: В 17 т.: Т. 15. Переписка, 1832—1834. М.: Воскресенье, 1996. — 418 с.; ил. ";1996;письмо;односторонняя;В. И. Кистеру. (1). Вторая половина февраля 1832.
Бенкендорф, Александр Христофорович;государственный деятель, военачальник, генерал от кавалерии, шеф жандармов;"Пушкин А. С. Полное собрание сочинений: В 17 т.: Т. 15. Переписка, 1832—1834. М.: Воскресенье, 1996. — 418 с.; ил. ";1996;письмо;двусторонняя;А. С. Пушкину. (1). 29 февраля 1832.
Калашников, Михаил Иванович;крепостной, служивший в с. Михайловском при О. А. Ганнибале;"Пушкин А. С. Полное собрание сочинений: В 17 т.: Т. 15. Переписка, 1832—1834. М.: Воскресенье, 1996. — 418 с.; ил. ";1996;письмо;односторонняя;А. С. Пушкину. (1). 7 марта 1832.
Жуковский, Вас/й Андреевич;поэт;"Пушкин А. С. Полное собрание сочинений: В 17 т.: Т. 15. Переписка, 1832—1834. М.: Воскресенье, 1996. — 418 с.; ил. ";1996;письмо;односторонняя;А. С. Пушкину. (1). 4—10 марта 1832.
Мятлев, Иван Петрович;поэт, камергер;"Пушкин А. С. Полное собрание сочинений: В 17 т.: Т. 15. Переписка, 1832—1834. М.: Воскресенье, 1996. — 418 с.; ил. ";1996;письмо;односторонняя;А. С. Пушкину. (1). Первая половина марта 1832.
Калашников, Михаил Иванович;крепостной, служивший в с. Михайловском при О. А. Ганнибале;"Пушкин А. С. Полное собрание сочинений: В 17 т.: Т. 15. Переписка, 1832—1834. М.: Воскресенье, 1996. — 418 с.; ил. ";1996;письмо;односторонняя;А. С. Пушкину. (1). 15 марта 1832.
Рохманов, Алексей Ф.;;"Пушкин А. С. Полное собрание сочинений: В 17 т.: Т. 15. Переписка, 1832—1834. М.: Воскресенье, 1996. — 418 с.; ил. ";1996;письмо;односторонняя;А. С. Пушкину. (1). 10 апреля 1832.
Раевский, Николай Николаевич;полководец, герой Отечественной войны 1812 года, генерал от кавалерии (1813);"Пушкин А. С. Полное собрание сочинений: В 17 т.: Т. 15. Переписка, 1832—1834. М.: Воскресенье, 1996. — 418 с.; ил. ";1996;письмо;односторонняя;А. С. Пушкину. (1). До 17 апреля 1832.
Погодин, Михаил Петрович;историк, коллекционер, журналист и публицист, писатель-беллетрист, издатель;"Пушкин А. С. Полное собрание сочинений: В 17 т.: Т. 15. Переписка, 1832—1834. М.: Воскресенье, 1996. — 418 с.; ил. ";1996;письмо;односторонняя;А. С. Пушкину. (1). 18 апреля 1832.
Гнедич, Николай Иванович;поэт, переводчик;"Пушкин А. С. Полное собрание сочинений: В 17 т.: Т. 15. Переписка, 1832—1834. М.: Воскресенье, 1996. — 418 с.; ил. ";1996;письмо;односторонняя;А. С. Пушкину. (1). 23 апреля 1832.
Киреевский, Иван Васильевич;философ, литературный критик, публицист;"Пушкин А. С. Полное собрание сочинений: В 17 т.: Т. 15. Переписка, 1832—1834. М.: Воскресенье, 1996. — 418 с.; ил. ";1996;письмо;односторонняя;А. С. Пушкину. (1). Март — апрель 1832.
Пушкин, Александр Сергеевич;поэт;"Пушкин А. С. Полное собрание сочинений: В 17 т.: Т. 15. Переписка, 1832—1834. М.: Воскресенье, 1996. — 418 с.; ил. ";1996;письмо;односторонняя;Г. Г. Чернецову. (1). Апрель 1832.
Пушкин, Александр Сергеевич;поэт;"Пушкин А. С. Полное собрание сочинений: В 17 т.: Т. 15. Переписка, 1832—1834. М.: Воскресенье, 1996. — 418 с.; ил. ";1996;письмо;односторонняя;А. Х. Бенкендорфу. (1). 3 мая 1832.
Пушкин, Александр Сергеевич;поэт;"Пушкин А. С. Полное собрание сочинений: В 17 т.: Т. 15. Переписка, 1832—1834. М.: Воскресенье, 1996. — 418 с.; ил. ";1996;письмо;односторонняя;П. А. Осиповой. (1). 16 (?) мая 1832.
Завадовская, Елена Михайловна (Влодек);графиня,ей посвящали стихи А. С. Пушкин, И. И. Козлов и князь П. А. Вяземский, знакомая М.Ю. Лермонтова;"Пушкин А. С. Полное собрание сочинений: В 17 т.: Т. 15. Переписка, 1832—1834. М.: Воскресенье, 1996. — 418 с.; ил. ";1996;письмо;односторонняя;А. С. Пушкину. (1). 16 мая 1832.
Осипова, Прасковья Александровна (Вульф. Вындомская);псковская помещица, хозяйка усадьбы Тригорское, соседка А. С. Пушкина по имению Михайловское, близкий друг поэта;"Пушкин А. С. Полное собрание сочинений: В 17 т.: Т. 15. Переписка, 1832—1834. М.: Воскресенье, 1996. — 418 с.; ил. ";1996;письмо;односторонняя;А. С. Пушкину. (1). 22 мая 1832.
Гнедич, Николай Иванович;поэт, переводчик;"Пушкин А. С. Полное собрание сочинений: В 17 т.: Т. 15. Переписка, 1832—1834. М.: Воскресенье, 1996. — 418 с.; ил. ";1996;письмо;односторонняя;А. С. Пушкину. (1). 26 мая 1832.
Пушкин, Александр Сергеевич;поэт;"Пушкин А. С. Полное собрание сочинений: В 17 т.: Т. 15. Переписка, 1832—1834. М.: Воскресенье, 1996. — 418 с.; ил. ";1996;письмо;односторонняя;А. Х. Бенкендорфу. (1). 27 мая 1832.
Смирнов, Николай Михайлович;чиновник, дипломат, мемуарист;"Пушкин А. С. Полное собрание сочинений: В 17 т.: Т. 15. Переписка, 1832—1834. М.: Воскресенье, 1996. — 418 с.; ил. ";1996;письмо;односторонняя;А. С. Пушкину. (1). Февраль — май (?) 1832.
Осипова, Прасковья Александровна (Вульф. Вындомская);псковская помещица, хозяйка усадьбы Тригорское, соседка А. С. Пушкина по имению Михайловское, близкий друг поэта;"Пушкин А. С. Полное собрание сочинений: В 17 т.: Т. 15. Переписка, 1832—1834. М.: Воскресенье, 1996. — 418 с.; ил. ";1996;письмо;односторонняя;А. С. Пушкину. (1). 31 мая 1832.
"Вяземский, Пётр Андреевич; Пушкин, Александр Сергеевич";"поэт, литературный критик, историк, переводчик, публицист, мемуарист; поэт";"Пушкин А. С. Полное собрание сочинений: В 17 т.: Т. 15. Переписка, 1832—1834. М.: Воскресенье, 1996. — 418 с.; ил. ";1996;письмо;односторонняя;В. Ф. Вяземской. (1). 4 июня 1832.
Пушкин, Александр Сергеевич;поэт;"Пушкин А. С. Полное собрание сочинений: В 17 т.: Т. 15. Переписка, 1832—1834. М.: Воскресенье, 1996. — 418 с.; ил. ";1996;письмо;односторонняя;А. Х. Бенкендорфу. (1). 8 июня 1832.
Пушкин, Александр Сергеевич;поэт;"Пушкин А. С. Полное собрание сочинений: В 17 т.: Т. 15. Переписка, 1832—1834. М.: Воскресенье, 1996. — 418 с.; ил. ";1996;письмо;односторонняя;И. В. Киреевскому. (1). 11 июля 1832.
Пушкин, Александр Сергеевич;поэт;"Пушкин А. С. Полное собрание сочинений: В 17 т.: Т. 15. Переписка, 1832—1834. М.: Воскресенье, 1996. — 418 с.; ил. ";1996;письмо;односторонняя;М. П. Погодину. (1). 11 июля 1832.
Хвостов, Дмитрий Иванович; поэт, военный и государственный деятель;"Пушкин А. С. Полное собрание сочинений: В 17 т.: Т. 15. Переписка, 1832—1834. М.: Воскресенье, 1996. — 418 с.; ил. ";1996;письмо;двусторонняя;А. С. Пушкину. (1). 2 августа 1832.
Пушкин, Александр Сергеевич;поэт;"Пушкин А. С. Полное собрание сочинений: В 17 т.: Т. 15. Переписка, 1832—1834. М.: Воскресенье, 1996. — 418 с.; ил. ";1996;письмо;двусторонняя;Д. И. Хвостову. (1). 2 августа 1832.
Пушкин, Александр Сергеевич;поэт;"Пушкин А. С. Полное собрание сочинений: В 17 т.: Т. 15. Переписка, 1832—1834. М.: Воскресенье, 1996. — 418 с.; ил. ";1996;письмо;односторонняя;М. П. Погодину. (1). Первая половина сентября 1832.
Пушкин, Александр Сергеевич;поэт;"Пушкин А. С. Полное собрание сочинений: В 17 т.: Т. 15. Переписка, 1832—1834. М.: Воскресенье, 1996. — 418 с.; ил. ";1996;письмо;односторонняя;H. Н. Пушкиной. (1). 22 сентября 1832.
Пушкин, Александр Сергеевич;поэт;"Пушкин А. С. Полное собрание сочинений: В 17 т.: Т. 15. Переписка, 1832—1834. М.: Воскресенье, 1996. — 418 с.; ил. ";1996;письмо;односторонняя;H. Н. Пушкиной. (1). 25 сентября 1832.
Пушкин, Александр Сергеевич;поэт;"Пушкин А. С. Полное собрание сочинений: В 17 т.: Т. 15. Переписка, 1832—1834. М.: Воскресенье, 1996. — 418 с.; ил. ";1996;письмо;односторонняя;H. Н. Пушкиной. (1). 27 сентября 1832.
Пушкин, Александр Сергеевич;поэт;"Пушкин А. С. Полное собрание сочинений: В 17 т.: Т. 15. Переписка, 1832—1834. М.: Воскресенье, 1996. — 418 с.; ил. ";1996;письмо;односторонняя;H. Н. Пушкиной. (1). ~ 30 сентября 1832.
Пушкин, Александр Сергеевич;поэт;"Пушкин А. С. Полное собрание сочинений: В 17 т.: Т. 15. Переписка, 1832—1834. М.: Воскресенье, 1996. — 418 с.; ил. ";1996;письмо;односторонняя;H. Н. Пушкиной. (1). ~ 3 октября 1832.
Калашников, Михаил Иванович;крепостной, служивший в с. Михайловском при О. А. Ганнибале;"Пушкин А. С. Полное собрание сочинений: В 17 т.: Т. 15. Переписка, 1832—1834. М.: Воскресенье, 1996. — 418 с.; ил. ";1996;письмо;односторонняя;А. С. Пушкину. (1). 10 октября 1832.
Мордвинов, Александр Николаевич;участник войны 1812 года, управляющий III Отделением (1831—1839), вятский гражданский губернатор;"Пушкин А. С. Полное собрание сочинений: В 17 т.: Т. 15. Переписка, 1832—1834. М.: Воскресенье, 1996. — 418 с.; ил. ";1996;письмо;односторонняя;А. С. Пушкину. (1). 21 октября 1832.
Калашников, Михаил Иванович;крепостной, служивший в с. Михайловском при О. А. Ганнибале;"Пушкин А. С. Полное собрание сочинений: В 17 т.: Т. 15. Переписка, 1832—1834. М.: Воскресенье, 1996. — 418 с.; ил. ";1996;письмо;односторонняя;А. С. Пушкину. (1). 14 ноября 1832.
Пушкин, Александр Сергеевич;поэт;"Пушкин А. С. Полное собрание сочинений: В 17 т.: Т. 15. Переписка, 1832—1834. М.: Воскресенье, 1996. — 418 с.; ил. ";1996;письмо;односторонняя;П. В. Нащокину. (1). 2 декабря 1832.
Греч, Николай Иванович;писатель, издатель, редактор, журналист, публицист, филолог, переводчик;"Пушкин А. С. Полное собрание сочинений: В 17 т.: Т. 15. Переписка, 1832—1834. М.: Воскресенье, 1996. — 418 с.; ил. ";1996;письмо;односторонняя;А. С. Пушкину. (1). 14 декабря 1832.
Хитрово, Елизавета Михайловна;дочь М. И. Кутузова, подруга А. С. Пушкина;"Пушкин А. С. Полное собрание сочинений: В 17 т.: Т. 15. Переписка, 1832—1834. М.: Воскресенье, 1996. — 418 с.; ил. ";1996;письмо;двусторонняя;А. С. Пушкину. (1). 15 декабря 1832.
Пушкин, Александр Сергеевич;поэт;"Пушкин А. С. Полное собрание сочинений: В 17 т.: Т. 15. Переписка, 1832—1834. М.: Воскресенье, 1996. — 418 с.; ил. ";1996;письмо;двусторонняя;E. M. Хитрово. (1). Август—первая половина сентября / конец октября—декабрь 1832.
Пушкин, Александр Сергеевич;поэт;"Пушкин А. С. Полное собрание сочинений: В 17 т.: Т. 15. Переписка, 1832—1834. М.: Воскресенье, 1996. — 418 с.; ил. ";1996;письмо;односторонняя;П. С. Санковскому. (1). 3 января 1833.
Пушкин, Александр Сергеевич;поэт;"Пушкин А. С. Полное собрание сочинений: В 17 т.: Т. 15. Переписка, 1832—1834. М.: Воскресенье, 1996. — 418 с.; ил. ";1996;письмо;односторонняя;Неизвестной. (1). Декабрь 1832 — 6 января 1833.
Нащокин, Павел Воинович;меценат, коллекционер;"Пушкин А. С. Полное собрание сочинений: В 17 т.: Т. 15. Переписка, 1832—1834. М.: Воскресенье, 1996. — 418 с.; ил. ";1996;письмо;односторонняя;А. С. Пушкину. (1). 10 января 1833.
Калашникова, Ольга Михайловна (Ключарёва); дочь М. И. Калашникова, «крепостная любовь» А. С. Пушкина;"Пушкин А. С. Полное собрание сочинений: В 17 т.: Т. 15. Переписка, 1832—1834. М.: Воскресенье, 1996. — 418 с.; ил. ";1996;письмо;односторонняя;А. С. Пушкину. (1). 11 января 1833.
Калашников, Михаил Иванович;крепостной, служивший в с. Михайловском при О. А. Ганнибале;"Пушкин А. С. Полное собрание сочинений: В 17 т.: Т. 15. Переписка, 1832—1834. М.: Воскресенье, 1996. — 418 с.; ил. ";1996;письмо;односторонняя;А. С. Пушкину. (1). 18 января 1833.
Сомов, Орест Михайлович;литературный критик, писатель, журналист;"Пушкин А. С. Полное собрание сочинений: В 17 т.: Т. 15. Переписка, 1832—1834. М.: Воскресенье, 1996. — 418 с.; ил. ";1996;письмо;односторонняя;А. С. Пушкину. (1). 18—24 января 1833.
Калашников, Михаил Иванович;крепостной, служивший в с. Михайловском при О. А. Ганнибале;"Пушкин А. С. Полное собрание сочинений: В 17 т.: Т. 15. Переписка, 1832—1834. М.: Воскресенье, 1996. — 418 с.; ил. ";1996;письмо;односторонняя;А. С. Пушкину. Январь (1). 1833.
Вельтман, Александр Фомич;картограф, лингвист, археолог, поэт, писатель;"Пушкин А. С. Полное собрание сочинений: В 17 т.: Т. 15. Переписка, 1832—1834. М.: Воскресенье, 1996. — 418 с.; ил. ";1996;письмо;односторонняя;А. С. Пушкину. (1). 4 февраля 1833.
Чернышёв, Александр Иванович;граф, князь, деятель русской разведки и армии;"Пушкин А. С. Полное собрание сочинений: В 17 т.: Т. 15. Переписка, 1832—1834. М.: Воскресенье, 1996. — 418 с.; ил. ";1996;письмо;двусторонняя;А. С. Пушкину. (1). 8 февраля 1833.
Катенин, Павел Александрович;поэт, драматург, литературный критик, переводчик, театральный деятель;"Пушкин А. С. Полное собрание сочинений: В 17 т.: Т. 15. Переписка, 1832—1834. М.: Воскресенье, 1996. — 418 с.; ил. ";1996;письмо;односторонняя;А. С. Пушкину. (1). 8 февраля 1833.
Пушкин, Александр Сергеевич;поэт;"Пушкин А. С. Полное собрание сочинений: В 17 т.: Т. 15. Переписка, 1832—1834. М.: Воскресенье, 1996. — 418 с.; ил. ";1996;письмо;двусторонняя;А. И. Чернышеву. (1). 9 февраля 1833.
Перовский, Алексей Алексеевич (Погорельский);писатель;"Пушкин А. С. Полное собрание сочинений: В 17 т.: Т. 15. Переписка, 1832—1834. М.: Воскресенье, 1996. — 418 с.; ил. ";1996;письмо;односторонняя;А. С. Пушкину. (1). Январь—первая половина февраля 1833.
Свиньин, Павел Петрович;писатель, издатель, журналист и редактор, художник, историк, географ;"Пушкин А. С. Полное собрание сочинений: В 17 т.: Т. 15. Переписка, 1832—1834. М.: Воскресенье, 1996. — 418 с.; ил. ";1996;письмо;односторонняя;А. С. Пушкину. (1). 19 февраля 1833.
Пушкин, Лев Сергеевич;младший брат А. С. Пушкина, его литературный секретарь, боевой офицер;"Пушкин А. С. Полное собрание сочинений: В 17 т.: Т. 15. Переписка, 1832—1834. М.: Воскресенье, 1996. — 418 с.; ил. ";1996;письмо;односторонняя;А. С. Пушкину. (1). 21 февраля 1883.
Калашникова, Ольга Михайловна (Ключарёва); дочь М. И. Калашникова, «крепостная любовь» А. С. Пушкина;"Пушкин А. С. Полное собрание сочинений: В 17 т.: Т. 15. Переписка, 1832—1834. М.: Воскресенье, 1996. — 418 с.; ил. ";1996;письмо;односторонняя;А. С. Пушкину. (1). 21 февраля 1833.
Пушкин, Александр Сергеевич;поэт;"Пушкин А. С. Полное собрание сочинений: В 17 т.: Т. 15. Переписка, 1832—1834. М.: Воскресенье, 1996. — 418 с.; ил. ";1996;письмо;односторонняя;П. В. Нащокину. (1). ~ (не позднее) 25 февраля 1833.
Чернышёв, Александр Иванович;граф, князь, деятель русской разведки и армии;"Пушкин А. С. Полное собрание сочинений: В 17 т.: Т. 15. Переписка, 1832—1834. М.: Воскресенье, 1996. — 418 с.; ил. ";1996;письмо;двусторонняя;А. С. Пушкину. (1). 25 февраля 1833.
Пушкин, Александр Сергеевич;поэт;"Пушкин А. С. Полное собрание сочинений: В 17 т.: Т. 15. Переписка, 1832—1834. М.: Воскресенье, 1996. — 418 с.; ил. ";1996;письмо;двусторонняя;А. И. Чернышеву. (1). 27 февраля 1833.
Нащокин, Павел Воинович;меценат, коллекционер;"Пушкин А. С. Полное собрание сочинений: В 17 т.: Т. 15. Переписка, 1832—1834. М.: Воскресенье, 1996. — 418 с.; ил. ";1996;письмо;односторонняя;А. С. Пушкину.(1). 20—28 февраля 1833.
Мятлев, Иван Петрович;поэт, камергер;"Пушкин А. С. Полное собрание сочинений: В 17 т.: Т. 15. Переписка, 1832—1834. М.: Воскресенье, 1996. — 418 с.; ил. ";1996;письмо;односторонняя;А. С. Пушкину. (1). 1 марта 1833.
Пушкин, Александр Сергеевич;поэт;"Пушкин А. С. Полное собрание сочинений: В 17 т.: Т. 15. Переписка, 1832—1834. М.: Воскресенье, 1996. — 418 с.; ил. ";1996;письмо;односторонняя;М. П. Погодину. (1). 5 марта 1833.
Чернышёв, Александр Иванович;граф, князь, деятель русской разведки и армии;"Пушкин А. С. Полное собрание сочинений: В 17 т.: Т. 15. Переписка, 1832—1834. М.: Воскресенье, 1996. — 418 с.; ил. ";1996;письмо;двусторонняя;А. С. Пушкину. (1). 8 марта 1833.
Пушкин, Александр Сергеевич;поэт;"Пушкин А. С. Полное собрание сочинений: В 17 т.: Т. 15. Переписка, 1832—1834. М.: Воскресенье, 1996. — 418 с.; ил. ";1996;письмо;двусторонняя;А. И. Чернышеву. (1). 8 марта 1833.
Греч, Николай Иванович;писатель, издатель, редактор, журналист, публицист, филолог, переводчик;"Пушкин А. С. Полное собрание сочинений: В 17 т.: Т. 15. Переписка, 1832—1834. М.: Воскресенье, 1996. — 418 с.; ил. ";1996;письмо;односторонняя;А. С. Пушкину. (1). 13 марта 1833.
Жуковский, Вас/й Андреевич;поэт;"Пушкин А. С. Полное собрание сочинений: В 17 т.: Т. 15. Переписка, 1832—1834. М.: Воскресенье, 1996. — 418 с.; ил. ";1996;письмо;односторонняя;А. С. Пушкину. (1). 22 марта 1833.
Одоевский, Владимир Фёдорович;писатель;"Пушкин А. С. Полное собрание сочинений: В 17 т.: Т. 15. Переписка, 1832—1834. М.: Воскресенье, 1996. — 418 с.; ил. ";1996;письмо;двусторонняя;А. С. Пушкину. (1). 27 марта 1833.
Пушкин, Александр Сергеевич;поэт;"Пушкин А. С. Полное собрание сочинений: В 17 т.: Т. 15. Переписка, 1832—1834. М.: Воскресенье, 1996. — 418 с.; ил. ";1996;письмо;двусторонняя;В. Ф. Одоевскому. (1). 28 марта 1833.
Калашников, Иван Тимофеевич;писатель, поэт, тайный советник;"Пушкин А. С. Полное собрание сочинений: В 17 т.: Т. 15. Переписка, 1832—1834. М.: Воскресенье, 1996. — 418 с.; ил. ";1996;письмо;двусторонняя;А. С. Пушкину. (1). 28 марта 1833.
Пушкин, Александр Сергеевич;поэт;"Пушкин А. С. Полное собрание сочинений: В 17 т.: Т. 15. Переписка, 1832—1834. М.: Воскресенье, 1996. — 418 с.; ил. ";1996;письмо;односторонняя;А. И. Чернышев — А. С. Пушкину. (1). 29 марта 1833.
Погодин, Михаил Петрович;историк, коллекционер, журналист и публицист, писатель-беллетрист, издатель;"Пушкин А. С. Полное собрание сочинений: В 17 т.: Т. 15. Переписка, 1832—1834. М.: Воскресенье, 1996. — 418 с.; ил. ";1996;письмо;односторонняя;А. С. Пушкину. (1). 29 марта 1833.
Пушкин, Александр Сергеевич;поэт;"Пушкин А. С. Полное собрание сочинений: В 17 т.: Т. 15. Переписка, 1832—1834. М.: Воскресенье, 1996. — 418 с.; ил. ";1996;письмо;односторонняя;А. П. Ермолову. (1). Начало апреля 1833.
Пушкин, Александр Сергеевич;поэт;"Пушкин А. С. Полное собрание сочинений: В 17 т.: Т. 15. Переписка, 1832—1834. М.: Воскресенье, 1996. — 418 с.; ил. ";1996;письмо;двусторонняя;И. Т. Калашникову. (1). Начало апреля 1833.
Погодин, Михаил Петрович;историк, коллекционер, журналист и публицист, писатель-беллетрист, издатель;"Пушкин А. С. Полное собрание сочинений: В 17 т.: Т. 15. Переписка, 1832—1834. М.: Воскресенье, 1996. — 418 с.; ил. ";1996;письмо;односторонняя;А. С. Пушкину. (1). 12 апреля 1833.
Калашников, Михаил Иванович;крепостной, служивший в с. Михайловском при О. А. Ганнибале;"Пушкин А. С. Полное собрание сочинений: В 17 т.: Т. 15. Переписка, 1832—1834. М.: Воскресенье, 1996. — 418 с.; ил. ";1996;письмо;односторонняя;А. С. Пушкину. (1). 17 апреля 1833.
Пушкин, Александр Сергеевич;поэт;"Пушкин А. С. Полное собрание сочинений: В 17 т.: Т. 15. Переписка, 1832—1834. М.: Воскресенье, 1996. — 418 с.; ил. ";1996;письмо;односторонняя;С. Л. Пушкин — А. С. Пушкину. (1). Конец декабря 1832 — апрель 1833.
Пушкин, Александр Сергеевич;поэт;"Пушкин А. С. Полное собрание сочинений: В 17 т.: Т. 15. Переписка, 1832—1834. М.: Воскресенье, 1996. — 418 с.; ил. ";1996;письмо;односторонняя;И. И. Дмитриеву. (1). Март — апрель 1833.
Пушкин, Александр Сергеевич;поэт;"Пушкин А. С. Полное собрание сочинений: В 17 т.: Т. 15. Переписка, 1832—1834. М.: Воскресенье, 1996. — 418 с.; ил. ";1996;письмо;односторонняя;П. А. Осиповой. (1). ~ 15 мая 1833.
Пушкин, Александр Сергеевич;поэт;"Пушкин А. С. Полное собрание сочинений: В 17 т.: Т. 15. Переписка, 1832—1834. М.: Воскресенье, 1996. — 418 с.; ил. ";1996;письмо;односторонняя;Е. Ф. Розен — А. С. Пушкину. (1). 29 мая 1833.
Пушкин, Александр Сергеевич;поэт;"Пушкин А. С. Полное собрание сочинений: В 17 т.: Т. 15. Переписка, 1832—1834. М.: Воскресенье, 1996. — 418 с.; ил. ";1996;письмо;односторонняя;П. И. С~ву. (1). Конец мая — начало июня 1833.
Пушкин, Александр Сергеевич;поэт;"Пушкин А. С. Полное собрание сочинений: В 17 т.: Т. 15. Переписка, 1832—1834. М.: Воскресенье, 1996. — 418 с.; ил. ";1996;письмо;односторонняя;В. Н. Семенов — А. С. Пушкину. (1). 15 июня 1833.
Пушкин, Александр Сергеевич;поэт;"Пушкин А. С. Полное собрание сочинений: В 17 т.: Т. 15. Переписка, 1832—1834. М.: Воскресенье, 1996. — 418 с.; ил. ";1996;письмо;односторонняя;Е. Ф. Розен — А. С. Пушкину. (1). 19 июня 1833.
Пушкин, Александр Сергеевич;поэт;"Пушкин А. С. Полное собрание сочинений: В 17 т.: Т. 15. Переписка, 1832—1834. М.: Воскресенье, 1996. — 418 с.; ил. ";1996;письмо;односторонняя;А. А. Ананьину. (1). 26 июня 1833.
Осипова, Прасковья Александровна (Вульф. Вындомская);псковская помещица, хозяйка усадьбы Тригорское, соседка А. С. Пушкина по имению Михайловское, близкий друг поэта;"Пушкин А. С. Полное собрание сочинений: В 17 т.: Т. 15. Переписка, 1832—1834. М.: Воскресенье, 1996. — 418 с.; ил. ";1996;письмо;односторонняя;А. С. Пушкину. (1). 28 июня 1833.
Шишкова, Екатерина (Твердовская);дочь отставного поручика польских войск, жена поэта и переводчика Александра Ардальоновича Шишкова;"Пушкин А. С. Полное собрание сочинений: В 17 т.: Т. 15. Переписка, 1832—1834. М.: Воскресенье, 1996. — 418 с.; ил. ";1996;письмо;односторонняя;А. С. Пушкину. (1). Вторая половина июня 1833.
Башилов, Александр Александрович;поэт;"Пушкин А. С. Полное собрание сочинений: В 17 т.: Т. 15. Переписка, 1832—1834. М.: Воскресенье, 1996. — 418 с.; ил. ";1996;письмо;односторонняя;А. С. Пушкину. (1). 7 июля 1833.
Пушкин, Александр Сергеевич;поэт;"Пушкин А. С. Полное собрание сочинений: В 17 т.: Т. 15. Переписка, 1832—1834. М.: Воскресенье, 1996. — 418 с.; ил. ";1996;письмо;односторонняя;А. А. Ананьину. (1). Первая половина (до 12) июля 1833.
Корф, Модест Андреевич;директор Императорской публичной библиотеки (1849—1861), председатель Бутурлинского комитета, главноуправляющий Вторым отделением (1861—1864). Камергер (1827), статс-секретарь (1834), действительный тайный советник (1854).;"Пушкин А. С. Полное собрание сочинений: В 17 т.: Т. 15. Переписка, 1832—1834. М.: Воскресенье, 1996. — 418 с.; ил. ";1996;письмо;двусторонняя;А. С. Пушкину. (1). 6—13 (?) июля 1833.
Пушкин, Александр Сергеевич;поэт;"Пушкин А. С. Полное собрание сочинений: В 17 т.: Т. 15. Переписка, 1832—1834. М.: Воскресенье, 1996. — 418 с.; ил. ";1996;письмо;двусторонняя;М. А. Корфу. (1). 14(?) июля 1833.
Пушкин, Александр Сергеевич;поэт;"Пушкин А. С. Полное собрание сочинений: В 17 т.: Т. 15. Переписка, 1832—1834. М.: Воскресенье, 1996. — 418 с.; ил. ";1996;письмо;односторонняя;Г. И. Спасскому. (1). Июнь —18 июля 1833.
Пушкин, Александр Сергеевич;поэт;"Пушкин А. С. Полное собрание сочинений: В 17 т.: Т. 15. Переписка, 1832—1834. М.: Воскресенье, 1996. — 418 с.; ил. ";1996;письмо;односторонняя;А. Х. Бенкендорфу. (1). 22 июля 1833.
Мордвинов, Александр Николаевич;участник войны 1812 года, управляющий III Отделением (1831—1839), вятский гражданский губернатор;"Пушкин А. С. Полное собрание сочинений: В 17 т.: Т. 15. Переписка, 1832—1834. М.: Воскресенье, 1996. — 418 с.; ил. ";1996;письмо;двусторонняя;А. С. Пушкину. (1). 29 июля 1833.
Пушкин, Александр Сергеевич;поэт;"Пушкин А. С. Полное собрание сочинений: В 17 т.: Т. 15. Переписка, 1832—1834. М.: Воскресенье, 1996. — 418 с.; ил. ";1996;письмо;двусторонняя;А. Н. Мордвинову. (1). 30 июля 1833.
Пушкин, Александр Сергеевич;поэт;"Пушкин А. С. Полное собрание сочинений: В 17 т.: Т. 15. Переписка, 1832—1834. М.: Воскресенье, 1996. — 418 с.; ил. ";1996;письмо;односторонняя;В ресторан. (1). Июль 1833.
Пушкин, Александр Сергеевич;поэт;"Пушкин А. С. Полное собрание сочинений: В 17 т.: Т. 15. Переписка, 1832—1834. М.: Воскресенье, 1996. — 418 с.; ил. ";1996;письмо;односторонняя;П. В. Нащокину(?). (1). Июль 1833.
Мордвинов, Александр Николаевич;участник войны 1812 года, управляющий III Отделением (1831—1839), вятский гражданский губернатор;"Пушкин А. С. Полное собрание сочинений: В 17 т.: Т. 15. Переписка, 1832—1834. М.: Воскресенье, 1996. — 418 с.; ил. ";1996;письмо;двусторонняя;А. С. Пушкину. (1). 7 августа 1833.
Пушкин, Александр Сергеевич;поэт;"Пушкин А. С. Полное собрание сочинений: В 17 т.: Т. 15. Переписка, 1832—1834. М.: Воскресенье, 1996. — 418 с.; ил. ";1996;письмо;односторонняя;Н. И. Гончаровой. (1). Вторая половина июля—первая половина августа 1833.
Пушкин, Александр Сергеевич;поэт;"Пушкин А. С. Полное собрание сочинений: В 17 т.: Т. 15. Переписка, 1832—1834. М.: Воскресенье, 1996. — 418 с.; ил. ";1996;письмо;односторонняя;H. Н. Пушкиной. (1). 20 августа 1833.
Пушкин, Александр Сергеевич;поэт;"Пушкин А. С. Полное собрание сочинений: В 17 т.: Т. 15. Переписка, 1832—1834. М.: Воскресенье, 1996. — 418 с.; ил. ";1996;письмо;односторонняя;H. Н. Пушкиной. (1). 21 августа 1833.
Пушкин, Александр Сергеевич;поэт;"Пушкин А. С. Полное собрание сочинений: В 17 т.: Т. 15. Переписка, 1832—1834. М.: Воскресенье, 1996. — 418 с.; ил. ";1996;письмо;односторонняя;H. Н. Пушкиной. (1). 26 августа 1833.
Пушкин, Александр Сергеевич;поэт;"Пушкин А. С. Полное собрание сочинений: В 17 т.: Т. 15. Переписка, 1832—1834. М.: Воскресенье, 1996. — 418 с.; ил. ";1996;письмо;односторонняя;H. Н. Пушкиной. (1). 27 августа 1833.
Пушкин, Александр Сергеевич;поэт;"Пушкин А. С. Полное собрание сочинений: В 17 т.: Т. 15. Переписка, 1832—1834. М.: Воскресенье, 1996. — 418 с.; ил. ";1996;письмо;односторонняя;H. Н. Пушкиной. (1). 2 сентября 1833.
Пушкин, Александр Сергеевич;поэт;"Пушкин А. С. Полное собрание сочинений: В 17 т.: Т. 15. Переписка, 1832—1834. М.: Воскресенье, 1996. — 418 с.; ил. ";1996;письмо;односторонняя;Н. И. Пушкиной. (1). 2 сентября 1833.
Пушкин, Александр Сергеевич;поэт;"Пушкин А. С. Полное собрание сочинений: В 17 т.: Т. 15. Переписка, 1832—1834. М.: Воскресенье, 1996. — 418 с.; ил. ";1996;письмо;односторонняя;H. H. Пушкиной. (1). 8 сентября 1833.
Пушкин, Александр Сергеевич;поэт;"Пушкин А. С. Полное собрание сочинений: В 17 т.: Т. 15. Переписка, 1832—1834. М.: Воскресенье, 1996. — 418 с.; ил. ";1996;письмо;односторонняя;А. А. Фукс. (1). 8 сентября 1833.
Пушкин, Александр Сергеевич;поэт;"Пушкин А. С. Полное собрание сочинений: В 17 т.: Т. 15. Переписка, 1832—1834. М.: Воскресенье, 1996. — 418 с.; ил. ";1996;письмо;односторонняя;H. Н. Пушкиной. (1). 12 сентября 1833.
Пушкин, Александр Сергеевич;поэт;"Пушкин А. С. Полное собрание сочинений: В 17 т.: Т. 15. Переписка, 1832—1834. М.: Воскресенье, 1996. — 418 с.; ил. ";1996;письмо;односторонняя;H. Н. Пушкиной. (1). 14 сентября 1833.
Пушкин, Александр Сергеевич;поэт;"Пушкин А. С. Полное собрание сочинений: В 17 т.: Т. 15. Переписка, 1832—1834. М.: Воскресенье, 1996. — 418 с.; ил. ";1996;письмо;односторонняя;H. Н. Пушкиной. (1). 19 сентября 1833.
Мызников, Виктор Александрович;дирижёр, педагог, пианист;"Пушкин А. С. Полное собрание сочинений: В 17 т.: Т. 15. Переписка, 1832—1834. М.: Воскресенье, 1996. — 418 с.; ил. ";1996;письмо;односторонняя;А. С. Пушкину. (1). 19 сентября 1833.
Пушкин, Александр Сергеевич;поэт;"Пушкин А. С. Полное собрание сочинений: В 17 т.: Т. 15. Переписка, 1832—1834. М.: Воскресенье, 1996. — 418 с.; ил. ";1996;письмо;односторонняя;H. Н. Пушкиной. (1). 2 октября 1833.
"Одоевский, Владимир Фёдорович; Соболевский, Сергей Александрович";"писатель; библиофил, библиограф, автор эпиграмм и других шуточных стихотворений, друг Пушкина, Лермонтова";"Пушкин А. С. Полное собрание сочинений: В 17 т.: Т. 15. Переписка, 1832—1834. М.: Воскресенье, 1996. — 418 с.; ил. ";1996;письмо;односторонняя;А. С. Пушкину. (1). 28 сентября, 2 октября 1833.
Пушкин, Александр Сергеевич;поэт;"Пушкин А. С. Полное собрание сочинений: В 17 т.: Т. 15. Переписка, 1832—1834. М.: Воскресенье, 1996. — 418 с.; ил. ";1996;письмо;односторонняя;H. Н. Пушкиной. (1). 8 октября 1833.
Пушкин, Александр Сергеевич;поэт;"Пушкин А. С. Полное собрание сочинений: В 17 т.: Т. 15. Переписка, 1832—1834. М.: Воскресенье, 1996. — 418 с.; ил. ";1996;письмо;односторонняя;H. Н. Пушкиной. (1). 11 октября 1833.
Пушкин, Александр Сергеевич;поэт;"Пушкин А. С. Полное собрание сочинений: В 17 т.: Т. 15. Переписка, 1832—1834. М.: Воскресенье, 1996. — 418 с.; ил. ";1996;письмо;односторонняя;H. Н. Пушкиной. (1). 21 октября 1833.
Пушкин, Александр Сергеевич;поэт;"Пушкин А. С. Полное собрание сочинений: В 17 т.: Т. 15. Переписка, 1832—1834. М.: Воскресенье, 1996. — 418 с.; ил. ";1996;письмо;односторонняя;H. Н. Пушкиной. (1). 30 октября 1833.
Пушкин, Александр Сергеевич;поэт;"Пушкин А. С. Полное собрание сочинений: В 17 т.: Т. 15. Переписка, 1832—1834. М.: Воскресенье, 1996. — 418 с.; ил. ";1996;письмо;односторонняя;В. Ф. Одоевскому. (1). 30 октября 1833.
Гончарова, Наталья Ивановна (Загряжская);фрейлина из рода Загряжских, хозяйка подмосковной усадьбы Ярополец. Мать Натальи Николаевны Гончаровой, жены Александра Сергеевича Пушкина;"Пушкин А. С. Полное собрание сочинений: В 17 т.: Т. 15. Переписка, 1832—1834. М.: Воскресенье, 1996. — 418 с.; ил. ";1996;письмо;односторонняя;А. С. Пушкину. (1). 4 ноября 1833.
Болдинские крестьяне;;"Пушкин А. С. Полное собрание сочинений: В 17 т.: Т. 15. Переписка, 1832—1834. М.: Воскресенье, 1996. — 418 с.; ил. ";1996;письмо;односторонняя;А. С. Пушкину. (1). Конец октября — начало ноября 1833.
Пушкин, Александр Сергеевич;поэт;"Пушкин А. С. Полное собрание сочинений: В 17 т.: Т. 15. Переписка, 1832—1834. М.: Воскресенье, 1996. — 418 с.; ил. ";1996;письмо;односторонняя;H. Н. Пушкиной. (1). б ноября 1833.
Пушкин, Александр Сергеевич;поэт;"Пушкин А. С. Полное собрание сочинений: В 17 т.: Т. 15. Переписка, 1832—1834. М.: Воскресенье, 1996. — 418 с.; ил. ";1996;письмо;односторонняя;А. С. Норову. (1). 10—15 ноября 1833.
Пушкин, Александр Сергеевич;поэт;"Пушкин А. С. Полное собрание сочинений: В 17 т.: Т. 15. Переписка, 1832—1834. М.: Воскресенье, 1996. — 418 с.; ил. ";1996;письмо;односторонняя;А. С. Норову. (1). 10—15 ноября 1833.
Нащокин, Павел Воинович;меценат, коллекционер;"Пушкин А. С. Полное собрание сочинений: В 17 т.: Т. 15. Переписка, 1832—1834. М.: Воскресенье, 1996. — 418 с.; ил. ";1996;письмо;двусторонняя;А. С. Пушкину. (1). 17—18 ноября 1833.
Пушкин, Александр Сергеевич;поэт;"Пушкин А. С. Полное собрание сочинений: В 17 т.: Т. 15. Переписка, 1832—1834. М.: Воскресенье, 1996. — 418 с.; ил. ";1996;письмо;двусторонняя;П. В. Нащокину. (1). 24 ноября 1833.
Пушкин, Александр Сергеевич;поэт;"Пушкин А. С. Полное собрание сочинений: В 17 т.: Т. 15. Переписка, 1832—1834. М.: Воскресенье, 1996. — 418 с.; ил. ";1996;письмо;односторонняя;А. Х. Бенкендорфу. (1). 6 декабря 1833.
Нащокин, Павел Воинович;меценат, коллекционер;"Пушкин А. С. Полное собрание сочинений: В 17 т.: Т. 15. Переписка, 1832—1834. М.: Воскресенье, 1996. — 418 с.; ил. ";1996;письмо;двусторонняя;А. С. Пушкину. (1). Конец ноября 1833 .
Пушкин, Александр Сергеевич;поэт;"Пушкин А. С. Полное собрание сочинений: В 17 т.: Т. 15. Переписка, 1832—1834. М.: Воскресенье, 1996. — 418 с.; ил. ";1996;письмо;двусторонняя;П. В. Нащокину. (1). 10-е числа декабря 1833.
Калашников, Михаил Иванович;крепостной, служивший в с. Михайловском при О. А. Ганнибале;"Пушкин А. С. Полное собрание сочинений: В 17 т.: Т. 15. Переписка, 1832—1834. М.: Воскресенье, 1996. — 418 с.; ил. ";1996;письмо;односторонняя;А. С. Пушкину. (1). 19 декабря 1833.
Гоголь, Николай Васильевич;писатель;"Пушкин А. С. Полное собрание сочинений: В 17 т.: Т. 15. Переписка, 1832—1834. М.: Воскресенье, 1996. — 418 с.; ил. ";1996;письмо;односторонняя;А. С. Пушкину. (1). 23 декабря 1833.
Воронцова, Елизавета Ксаверьевна;"статс-дама, почётная попечительница при управлении женскими учебными заведениями[1], фрейлина, кавалерственная дама ордена Святой Екатерины; адресат многих стихотворений А. С. Пушкина; жена новороссийского генерал-губернатора М. С. Воронцова; сестра генерал-майора графа В. Г. Браницкого";"Пушкин А. С. Полное собрание сочинений: В 17 т.: Т. 15. Переписка, 1832—1834. М.: Воскресенье, 1996. — 418 с.; ил. ";1996;письмо;односторонняя;А. С. Пушкину. (1). 25 декабря 1833.
Калашников, Михаил Иванович;крепостной, служивший в с. Михайловском при О. А. Ганнибале;"Пушкин А. С. Полное собрание сочинений: В 17 т.: Т. 15. Переписка, 1832—1834. М.: Воскресенье, 1996. — 418 с.; ил. ";1996;письмо;односторонняя;А. С. Пушкину. (1). 20-е числа декабря 1833.
Виноградов, Дмитрий Фёдорович;С 1830 г. священник в с. Болдино;"Пушкин А. С. Полное собрание сочинений: В 17 т.: Т. 15. Переписка, 1832—1834. М.: Воскресенье, 1996. — 418 с.; ил. ";1996;письмо;односторонняя;А. С. Пушкину. (1). 8 января 1834.
Калашников, Михаил Иванович;крепостной, служивший в с. Михайловском при О. А. Ганнибале;"Пушкин А. С. Полное собрание сочинений: В 17 т.: Т. 15. Переписка, 1832—1834. М.: Воскресенье, 1996. — 418 с.; ил. ";1996;письмо;односторонняя;А. С. Пушкину. (1). 9 января 1834.
Фукс, Александра Андреевна;поэтесса, автор этнографических очерков и мемуаров;"Пушкин А. С. Полное собрание сочинений: В 17 т.: Т. 15. Переписка, 1832—1834. М.: Воскресенье, 1996. — 418 с.; ил. ";1996;письмо;односторонняя;А. С. Пушкину. (1). 20 января 1834.
Нащокин, Павел Воинович;меценат, коллекционер;"Пушкин А. С. Полное собрание сочинений: В 17 т.: Т. 15. Переписка, 1832—1834. М.: Воскресенье, 1996. — 418 с.; ил. ";1996;письмо;односторонняя;А. С. Пушкину. (1). Январь 1834.
Кнерцер, Андрей Христофорович;"механик, купец 2-й гильдии, позднее московский почетный гражданин; доверенный П. В. Нащокина";"Пушкин А. С. Полное собрание сочинений: В 17 т.: Т. 15. Переписка, 1832—1834. М.: Воскресенье, 1996. — 418 с.; ил. ";1996;письмо;односторонняя;А. С. Пушкину. (1). 26 января 1834.
Жуковский, Вас/й Андреевич;поэт;"Пушкин А. С. Полное собрание сочинений: В 17 т.: Т. 15. Переписка, 1832—1834. М.: Воскресенье, 1996. — 418 с.; ил. ";1996;письмо;односторонняя;А. С. Пушкину. (1). 29 января 1834.
Пушкин, Александр Сергеевич;поэт;"Пушкин А. С. Полное собрание сочинений: В 17 т.: Т. 15. Переписка, 1832—1834. М.: Воскресенье, 1996. — 418 с.; ил. ";1996;письмо;односторонняя;Д. К. Нессельроде. (1). 30 января 1834.
Коншин, Николай Михайлович;писатель, историк, переводчик, деятель системы образования;"Пушкин А. С. Полное собрание сочинений: В 17 т.: Т. 15. Переписка, 1832—1834. М.: Воскресенье, 1996. — 418 с.; ил. ";1996;письмо;односторонняя;А. С. Пушкину. (1). 7 февраля 1834.
Пушкин, Александр Сергеевич;поэт;"Пушкин А. С. Полное собрание сочинений: В 17 т.: Т. 15. Переписка, 1832—1834. М.: Воскресенье, 1996. — 418 с.; ил. ";1996;письмо;односторонняя;А. Х. Бенкендорфу. (1). 7—10 февраля 1834.
Бенкендорф, Александр Христофорович;государственный деятель, военачальник, генерал от кавалерии, шеф жандармов;"Пушкин А. С. Полное собрание сочинений: В 17 т.: Т. 15. Переписка, 1832—1834. М.: Воскресенье, 1996. — 418 с.; ил. ";1996;письмо;двусторонняя;А. С. Пушкину. (1). 10 февраля 1834.
Пушкин, Александр Сергеевич;поэт;"Пушкин А. С. Полное собрание сочинений: В 17 т.: Т. 15. Переписка, 1832—1834. М.: Воскресенье, 1996. — 418 с.; ил. ";1996;письмо;односторонняя;С. Д. Нечаеву. (1). 12 февраля 1834.
Сенковский, Осип Иванович (Иосиф Юлиан, Барон Брамбеус);востоковед, полиглот, писатель, критик, редактор, журналист;"Пушкин А. С. Полное собрание сочинений: В 17 т.: Т. 15. Переписка, 1832—1834. М.: Воскресенье, 1996. — 418 с.; ил. ";1996;письмо;односторонняя;А. С. Пушкину. (1). Январь—первая половина февраля 1834.
Бенкендорф, Александр Христофорович;государственный деятель, военачальник, генерал от кавалерии, шеф жандармов;"Пушкин А. С. Полное собрание сочинений: В 17 т.: Т. 15. Переписка, 1832—1834. М.: Воскресенье, 1996. — 418 с.; ил. ";1996;письмо;двусторонняя;А. С. Пушкину. (1). 24 февраля 1834.
Калашников, Михаил Иванович;крепостной, служивший в с. Михайловском при О. А. Ганнибале;"Пушкин А. С. Полное собрание сочинений: В 17 т.: Т. 15. Переписка, 1832—1834. М.: Воскресенье, 1996. — 418 с.; ил. ";1996;письмо;односторонняя;А. С. Пушкину. (1). 25 февраля 1834.
Пушкин, Александр Сергеевич;поэт;"Пушкин А. С. Полное собрание сочинений: В 17 т.: Т. 15. Переписка, 1832—1834. М.: Воскресенье, 1996. — 418 с.; ил. ";1996;письмо;двусторонняя;А. Х. Бенкендорфу. (1). 26 февраля 1834.
Пушкин, Александр Сергеевич;поэт;"Пушкин А. С. Полное собрание сочинений: В 17 т.: Т. 15. Переписка, 1832—1834. М.: Воскресенье, 1996. — 418 с.; ил. ";1996;письмо;двусторонняя;А. Х. Бенкендорфу. (1). 27 февраля 1834.
Свиньин, Павел Петрович;писатель, издатель, журналист и редактор, художник, историк, географ;"Пушкин А. С. Полное собрание сочинений: В 17 т.: Т. 15. Переписка, 1832—1834. М.: Воскресенье, 1996. — 418 с.; ил. ";1996;письмо;односторонняя;А. С. Пушкину. (1). Первая половина 1833 — февраль 1834.
Смирнова, Александра Осиповна (Россет);фрейлина русского императорского двора, знакомая, друг и собеседник А. С. Пушкина, В. А. Жуковского, Н. В. Гоголя, М. Ю. Лермонтова;"Пушкин А. С. Полное собрание сочинений: В 17 т.: Т. 15. Переписка, 1832—1834. М.: Воскресенье, 1996. — 418 с.; ил. ";1996;письмо;односторонняя;А. С. Пушкину. (1). 23 января — 4 марта 1834.
Бенкендорф, Александр Христофорович;государственный деятель, военачальник, генерал от кавалерии, шеф жандармов;"Пушкин А. С. Полное собрание сочинений: В 17 т.: Т. 15. Переписка, 1832—1834. М.: Воскресенье, 1996. — 418 с.; ил. ";1996;письмо;двусторонняя;А. С. Пушкину. (1). 4 марта 1834.
Дубельт, Леонтий Васильевич;глава тайной полиции при Николае I: начальник штаба Корпуса жандармов (1835—1856) и управляющий III отделением (1839—1856), генерал от кавалерии;"Пушкин А. С. Полное собрание сочинений: В 17 т.: Т. 15. Переписка, 1832—1834. М.: Воскресенье, 1996. — 418 с.; ил. ";1996;письмо;двусторонняя;А. С. Пушкину. (1). 4 марта 1834.
Пушкин, Александр Сергеевич;поэт;"Пушкин А. С. Полное собрание сочинений: В 17 т.: Т. 15. Переписка, 1832—1834. М.: Воскресенье, 1996. — 418 с.; ил. ";1996;письмо;односторонняя;А. П. Малиновской (?). (1). ~ 4 марта 1834.
Пушкин, Александр Сергеевич;поэт;"Пушкин А. С. Полное собрание сочинений: В 17 т.: Т. 15. Переписка, 1832—1834. М.: Воскресенье, 1996. — 418 с.; ил. ";1996;письмо;двусторонняя;А. Х. Бенкендорфу. (1). 5 марта 1834.
Пушкин, Александр Сергеевич;поэт;"Пушкин А. С. Полное собрание сочинений: В 17 т.: Т. 15. Переписка, 1832—1834. М.: Воскресенье, 1996. — 418 с.; ил. ";1996;письмо;двусторонняя;Л. В. Дубельту. (1). 5 марта 1834.
Бенкендорф, Александр Христофорович;государственный деятель, военачальник, генерал от кавалерии, шеф жандармов;"Пушкин А. С. Полное собрание сочинений: В 17 т.: Т. 15. Переписка, 1832—1834. М.: Воскресенье, 1996. — 418 с.; ил. ";1996;письмо;односторонняя;А. С. Пушкину. (1). 8 марта 1834.
Катенин, Павел Александрович;поэт, драматург, литературный критик, переводчик, театральный деятель;"Пушкин А. С. Полное собрание сочинений: В 17 т.: Т. 15. Переписка, 1832—1834. М.: Воскресенье, 1996. — 418 с.; ил. ";1996;письмо;односторонняя;А. С. Пушкину. (1). 10 марта 1834.
Пушкин, Александр Сергеевич;поэт;"Пушкин А. С. Полное собрание сочинений: В 17 т.: Т. 15. Переписка, 1832—1834. М.: Воскресенье, 1996. — 418 с.; ил. ";1996;письмо;односторонняя;В. Ф. Одоевскому. (1). 15—16 марта 1834.
Пушкин, Александр Сергеевич;поэт;"Пушкин А. С. Полное собрание сочинений: В 17 т.: Т. 15. Переписка, 1832—1834. М.: Воскресенье, 1996. — 418 с.; ил. ";1996;письмо;односторонняя;В. Ф. Одоевскому. (1). 16 марта 1834.
Пушкин, Александр Сергеевич;поэт;"Пушкин А. С. Полное собрание сочинений: В 17 т.: Т. 15. Переписка, 1832—1834. М.: Воскресенье, 1996. — 418 с.; ил. ";1996;письмо;односторонняя;П. В. Нащокину. (1). Середина марта 1834.
Калашников, Михаил Иванович;крепостной, служивший в с. Михайловском при О. А. Ганнибале;"Пушкин А. С. Полное собрание сочинений: В 17 т.: Т. 15. Переписка, 1832—1834. М.: Воскресенье, 1996. — 418 с.; ил. ";1996;письмо;односторонняя;А. С. Пушкину. (1). 10-е числа марта 1834.
Княжевич, Дмитрий Максимович;писатель, публицист, чиновник;"Пушкин А. С. Полное собрание сочинений: В 17 т.: Т. 15. Переписка, 1832—1834. М.: Воскресенье, 1996. — 418 с.; ил. ";1996;письмо;двусторонняя;Д. М. Княжевич — А. С. Пушкину. (1). 21 марта 1834.
Пушкин, Александр Сергеевич;поэт;"Пушкин А. С. Полное собрание сочинений: В 17 т.: Т. 15. Переписка, 1832—1834. М.: Воскресенье, 1996. — 418 с.; ил. ";1996;письмо;двусторонняя;Д. М. Княжевичу. (1). 22 марта 1834.
Нащокин, Павел Воинович;меценат, коллекционер;"Пушкин А. С. Полное собрание сочинений: В 17 т.: Т. 15. Переписка, 1832—1834. М.: Воскресенье, 1996. — 418 с.; ил. ";1996;письмо;односторонняя;А. С. Пушкину. (1). ~ 24 марта 1834.
Погодин, Михаил Петрович;историк, коллекционер, журналист и публицист, писатель-беллетрист, издатель;"Пушкин А. С. Полное собрание сочинений: В 17 т.: Т. 15. Переписка, 1832—1834. М.: Воскресенье, 1996. — 418 с.; ил. ";1996;письмо;односторонняя;А. С. Пушкину. (1). 24 марта 1834.
Бенкендорф, Александр Христофорович;государственный деятель, военачальник, генерал от кавалерии, шеф жандармов;"Пушкин А. С. Полное собрание сочинений: В 17 т.: Т. 15. Переписка, 1832—1834. М.: Воскресенье, 1996. — 418 с.; ил. ";1996;письмо;двусторонняя;А. С. Пушкину. (1). 24 марта 1834.
Пушкин, Александр Сергеевич;поэт;"Пушкин А. С. Полное собрание сочинений: В 17 т.: Т. 15. Переписка, 1832—1834. М.: Воскресенье, 1996. — 418 с.; ил. ";1996;письмо;двусторонняя;А. Х. Бенкендорфу. (1). 25 марта 1834.
Лажечников, Иван Иванович;писатель;"Пушкин А. С. Полное собрание сочинений: В 17 т.: Т. 15. Переписка, 1832—1834. М.: Воскресенье, 1996. — 418 с.; ил. ";1996;письмо;односторонняя;А. С. Пушкину. (1). 30 марта 1834.
Жуковский, Вас/й Андреевич;поэт;"Пушкин А. С. Полное собрание сочинений: В 17 т.: Т. 15. Переписка, 1832—1834. М.: Воскресенье, 1996. — 418 с.; ил. ";1996;письмо;односторонняя;А. С. Пушкину. (1). Февраль—март (?) 1834.
Монтандон, Карл Генрих;швейцарец, автор первого крымского путеводителя;"Пушкин А. С. Полное собрание сочинений: В 17 т.: Т. 15. Переписка, 1832—1834. М.: Воскресенье, 1996. — 418 с.; ил. ";1996;письмо;односторонняя;А. С. Пушкину. (1). 1 апреля 1834.
Давыдов, Денис Васильевич;поэт, наиболее яркий представитель «гусарской поэзии», мемуарист, генерал-лейтенант;"Пушкин А. С. Полное собрание сочинений: В 17 т.: Т. 15. Переписка, 1832—1834. М.: Воскресенье, 1996. — 418 с.; ил. ";1996;письмо;односторонняя;А. С. Пушкину. (1). 4 апреля 1834.
Пушкин, Александр Сергеевич;поэт;"Пушкин А. С. Полное собрание сочинений: В 17 т.: Т. 15. Переписка, 1832—1834. М.: Воскресенье, 1996. — 418 с.; ил. ";1996;письмо;односторонняя;Н. В. Гоголю. (1). Март — не позднее 7 апреля 1834.
Пушкин, Александр Сергеевич;поэт;"Пушкин А. С. Полное собрание сочинений: В 17 т.: Т. 15. Переписка, 1832—1834. М.: Воскресенье, 1996. — 418 с.; ил. ";1996;письмо;односторонняя;М. П. Погодину. (1). ~ 7 апреля 1834.
Пушкин, Александр Сергеевич;поэт;"Пушкин А. С. Полное собрание сочинений: В 17 т.: Т. 15. Переписка, 1832—1834. М.: Воскресенье, 1996. — 418 с.; ил. ";1996;письмо;двусторонняя;А. В. Никитенко. (1). ~ 9 апреля 1834.
Никитенко, Александр Васильевич;историк литературы, цензор, профессор Санкт-Петербургского университета, действительный член Академии наук;"Пушкин А. С. Полное собрание сочинений: В 17 т.: Т. 15. Переписка, 1832—1834. М.: Воскресенье, 1996. — 418 с.; ил. ";1996;письмо;двусторонняя;А. С. Пушкину. (1). 9 апреля 1834.
Бантыш-Каменский, Дмитрий Николаевич;историк, чиновник, тобольский и виленский губернатор;"Пушкин А. С. Полное собрание сочинений: В 17 т.: Т. 15. Переписка, 1832—1834. М.: Воскресенье, 1996. — 418 с.; ил. ";1996;письмо;односторонняя;А. С. Пушкину.(1). 10 апреля 1834.
Пушкин, Александр Сергеевич;поэт;"Пушкин А. С. Полное собрание сочинений: В 17 т.: Т. 15. Переписка, 1832—1834. М.: Воскресенье, 1996. — 418 с.; ил. ";1996;письмо;односторонняя;Г. А. Строганову. (1). ~ 11 апреля 1834.
Пушкин, Александр Сергеевич;поэт;"Пушкин А. С. Полное собрание сочинений: В 17 т.: Т. 15. Переписка, 1832—1834. М.: Воскресенье, 1996. — 418 с.; ил. ";1996;письмо;односторонняя;И. M. Пеньковскому. (1). 13 апреля 1834.
Пушкин, Александр Сергеевич;поэт;"Пушкин А. С. Полное собрание сочинений: В 17 т.: Т. 15. Переписка, 1832—1834. М.: Воскресенье, 1996. — 418 с.; ил. ";1996;письмо;односторонняя;И. И. Лажечникову. (1). Первая половина апреля 1834.
Пушкин, Александр Сергеевич;поэт;"Пушкин А. С. Полное собрание сочинений: В 17 т.: Т. 15. Переписка, 1832—1834. М.: Воскресенье, 1996. — 418 с.; ил. ";1996;письмо;односторонняя;H. Н. Пушкиной. (1). 17 апреля 1834.
Пушкин, Александр Сергеевич;поэт;"Пушкин А. С. Полное собрание сочинений: В 17 т.: Т. 15. Переписка, 1832—1834. М.: Воскресенье, 1996. — 418 с.; ил. ";1996;письмо;односторонняя;H. Н. Пушкиной. (1). 19 апреля 1834.
Пушкин, Александр Сергеевич;поэт;"Пушкин А. С. Полное собрание сочинений: В 17 т.: Т. 15. Переписка, 1832—1834. М.: Воскресенье, 1996. — 418 с.; ил. ";1996;письмо;односторонняя;H. Н. Пушкиной. (1). 20, 22 апреля 1834.
Нащокин, Павел Воинович;меценат, коллекционер;"Пушкин А. С. Полное собрание сочинений: В 17 т.: Т. 15. Переписка, 1832—1834. М.: Воскресенье, 1996. — 418 с.; ил. ";1996;письмо;односторонняя;А. С. Пушкину. (1). ~ 22 апреля 1834.
Пушкин, Александр Сергеевич;поэт;"Пушкин А. С. Полное собрание сочинений: В 17 т.: Т. 15. Переписка, 1832—1834. М.: Воскресенье, 1996. — 418 с.; ил. ";1996;письмо;односторонняя;H. Н. Пушкиной. (1). 24 апреля 1834.
Павлищев, Николай Иванович;историк, тайный советник;"Пушкин А. С. Полное собрание сочинений: В 17 т.: Т. 15. Переписка, 1832—1834. М.: Воскресенье, 1996. — 418 с.; ил. ";1996;письмо;односторонняя;А. С. Пушкину. (1). 26 апреля 1834.
Пушкин, Александр Сергеевич;поэт;"Пушкин А. С. Полное собрание сочинений: В 17 т.: Т. 15. Переписка, 1832—1834. М.: Воскресенье, 1996. — 418 с.; ил. ";1996;письмо;односторонняя;H. Н. Пушкиной. (1). 28 апреля 1834.
Нащокин, Павел Воинович;меценат, коллекционер;"Пушкин А. С. Полное собрание сочинений: В 17 т.: Т. 15. Переписка, 1832—1834. М.: Воскресенье, 1996. — 418 с.; ил. ";1996;письмо;односторонняя;А. С. Пушкину. (1). Конец апреля 1834.
Пушкин, Александр Сергеевич;поэт;"Пушкин А. С. Полное собрание сочинений: В 17 т.: Т. 15. Переписка, 1832—1834. М.: Воскресенье, 1996. — 418 с.; ил. ";1996;письмо;односторонняя;H. Н. Пушкиной. (1). 30 апреля 1834.
Пушкин, Александр Сергеевич;поэт;"Пушкин А. С. Полное собрание сочинений: В 17 т.: Т. 15. Переписка, 1832—1834. М.: Воскресенье, 1996. — 418 с.; ил. ";1996;письмо;односторонняя;H. Н. Пушкиной. (1). 30 апреля 1834.
Пушкин, Александр Сергеевич;поэт;"Пушкин А. С. Полное собрание сочинений: В 17 т.: Т. 15. Переписка, 1832—1834. М.: Воскресенье, 1996. — 418 с.; ил. ";1996;письмо;односторонняя;Д. Н. Бантышу-Каменскому. (1). 1 мая 1834.
Калашников, Михаил Иванович;крепостной, служивший в с. Михайловском при О. А. Ганнибале;"Пушкин А. С. Полное собрание сочинений: В 17 т.: Т. 15. Переписка, 1832—1834. М.: Воскресенье, 1996. — 418 с.; ил. ";1996;письмо;односторонняя;А. С. Пушкину. (1). 2 мая 1834.
Нащокин, Павел Воинович;меценат, коллекционер;"Пушкин А. С. Полное собрание сочинений: В 17 т.: Т. 15. Переписка, 1832—1834. М.: Воскресенье, 1996. — 418 с.; ил. ";1996;письмо;односторонняя;А. С. Пушкину. (1). 3 мая 1834.
Соболевский, Сергей Александрович;библиофил, библиограф, автор эпиграмм и других шуточных стихотворений, друг Пушкина, Лермонтова;"Пушкин А. С. Полное собрание сочинений: В 17 т.: Т. 15. Переписка, 1832—1834. М.: Воскресенье, 1996. — 418 с.; ил. ";1996;письмо;односторонняя;А. С. Пушкину. (1). Конец апреля — не позднее 4 мая 1834.
Пушкин, Александр Сергеевич;поэт;"Пушкин А. С. Полное собрание сочинений: В 17 т.: Т. 15. Переписка, 1832—1834. М.: Воскресенье, 1996. — 418 с.; ил. ";1996;письмо;односторонняя;Н. И. Павлищеву. (1). 4 мая 1834.
Пушкин, Александр Сергеевич;поэт;"Пушкин А. С. Полное собрание сочинений: В 17 т.: Т. 15. Переписка, 1832—1834. М.: Воскресенье, 1996. — 418 с.; ил. ";1996;письмо;односторонняя;Н. Н. Пушкиной. (1). ~ 5 мая 1834.
Бантыш-Каменский, Дмитрий Николаевич;историк, чиновник, тобольский и виленский губернатор;"Пушкин А. С. Полное собрание сочинений: В 17 т.: Т. 15. Переписка, 1832—1834. М.: Воскресенье, 1996. — 418 с.; ил. ";1996;письмо;односторонняя;А. С. Пушкину.(1). 7 мая 1834.
Пеньковский, Иосиф (Осип) Матвеевич;белорусский дворянин, управляющий имениями Пушкиных в Болдино и Кистенево;"Пушкин А. С. Полное собрание сочинений: В 17 т.: Т. 15. Переписка, 1832—1834. М.: Воскресенье, 1996. — 418 с.; ил. ";1996;письмо;односторонняя;А. С. Пушкину. (1). 7 мая 1834.
Пушкин, Александр Сергеевич;поэт;"Пушкин А. С. Полное собрание сочинений: В 17 т.: Т. 15. Переписка, 1832—1834. М.: Воскресенье, 1996. — 418 с.; ил. ";1996;письмо;односторонняя;H. Н. Пушкиной. (1). 12 мая 1834.
Гоголь, Николай Васильевич;писатель;"Пушкин А. С. Полное собрание сочинений: В 17 т.: Т. 15. Переписка, 1832—1834. М.: Воскресенье, 1996. — 418 с.; ил. ";1996;письмо;односторонняя;А. С. Пушкину. (1). Первая половина мая 1834.
Гоголь, Николай Васильевич;писатель;"Пушкин А. С. Полное собрание сочинений: В 17 т.: Т. 15. Переписка, 1832—1834. М.: Воскресенье, 1996. — 418 с.; ил. ";1996;письмо;двусторонняя;А. С. Пушкину. (1). 13 мая 1834.
Пушкин, Александр Сергеевич;поэт;"Пушкин А. С. Полное собрание сочинений: В 17 т.: Т. 15. Переписка, 1832—1834. М.: Воскресенье, 1996. — 418 с.; ил. ";1996;письмо;двусторонняя;Н. В. Гоголю. (1). 13 мая 1834.
"Гончарова, Наталья Ивановна (Загряжская); Пушкина, Наталья Николаевна (Гончарова)";"фрейлина из рода Загряжских, хозяйка подмосковной усадьбы Ярополец. Мать Натальи Николаевны Гончаровой, жены Александра Сергеевича Пушкина; жена А. С. Пушкина";"Пушкин А. С. Полное собрание сочинений: В 17 т.: Т. 15. Переписка, 1832—1834. М.: Воскресенье, 1996. — 418 с.; ил. ";1996;письмо;двусторонняя;А. С. Пушкину. (1). 14 мая 1834.
Пеньковский, Иосиф (Осип) Матвеевич;белорусский дворянин, управляющий имениями Пушкиных в Болдино и Кистенево;"Пушкин А. С. Полное собрание сочинений: В 17 т.: Т. 15. Переписка, 1832—1834. М.: Воскресенье, 1996. — 418 с.; ил. ";1996;письмо;односторонняя;А. С. Пушкину. (1). 15 мая 1834.
Пушкин, Александр Сергеевич;поэт;"Пушкин А. С. Полное собрание сочинений: В 17 т.: Т. 15. Переписка, 1832—1834. М.: Воскресенье, 1996. — 418 с.; ил. ";1996;письмо;двусторонняя;H. Н. Пушкиной. (1). 16 мая 1834.
Пушкин, Александр Сергеевич;поэт;"Пушкин А. С. Полное собрание сочинений: В 17 т.: Т. 15. Переписка, 1832—1834. М.: Воскресенье, 1996. — 418 с.; ил. ";1996;письмо;двусторонняя;H. Н. Пушкиной. (1). 18 мая 1834.
Мятлев, Иван Петрович;поэт, камергер;"Пушкин А. С. Полное собрание сочинений: В 17 т.: Т. 15. Переписка, 1832—1834. М.: Воскресенье, 1996. — 418 с.; ил. ";1996;письмо;односторонняя;А. С. Пушкину. (1). 18 мая 1834.
Пушкин, Александр Сергеевич;поэт;"Пушкин А. С. Полное собрание сочинений: В 17 т.: Т. 15. Переписка, 1832—1834. М.: Воскресенье, 1996. — 418 с.; ил. ";1996;письмо;односторонняя;А. Н. Мордвинову. (1). 26 мая 1834.
Мятлев, Иван Петрович;поэт, камергер;"Пушкин А. С. Полное собрание сочинений: В 17 т.: Т. 15. Переписка, 1832—1834. М.: Воскресенье, 1996. — 418 с.; ил. ";1996;письмо;односторонняя;П. А. Вяземскому. (1). 28 мая 1834.
Вяземский, Пётр Андреевич;поэт, литературный критик, историк, переводчик, публицист, мемуарист;"Пушкин А. С. Полное собрание сочинений: В 17 т.: Т. 15. Переписка, 1832—1834. М.: Воскресенье, 1996. — 418 с.; ил. ";1996;письмо;односторонняя;А. С. Пушкину. (1). 28 мая 1834.
Пеньковский, Иосиф (Осип) Матвеевич;белорусский дворянин, управляющий имениями Пушкиных в Болдино и Кистенево;"Пушкин А. С. Полное собрание сочинений: В 17 т.: Т. 15. Переписка, 1832—1834. М.: Воскресенье, 1996. — 418 с.; ил. ";1996;письмо;односторонняя;А. С. Пушкину. (1). 28 мая 1834.
Пушкин, Александр Сергеевич;поэт;"Пушкин А. С. Полное собрание сочинений: В 17 т.: Т. 15. Переписка, 1832—1834. М.: Воскресенье, 1996. — 418 с.; ил. ";1996;письмо;односторонняя;H. Н. Пушкиной. (1). ~ (не позднее) 29 мая 1834.
Пушкин, Александр Сергеевич;поэт;"Пушкин А. С. Полное собрание сочинений: В 17 т.: Т. 15. Переписка, 1832—1834. М.: Воскресенье, 1996. — 418 с.; ил. ";1996;письмо;односторонняя;H. Н. Пушкиной. (1). 3 июня 1834.
Пушкин, Александр Сергеевич;поэт;"Пушкин А. С. Полное собрание сочинений: В 17 т.: Т. 15. Переписка, 1832—1834. М.: Воскресенье, 1996. — 418 с.; ил. ";1996;письмо;односторонняя;Д. Н. Бантышу-Каменскому. (1). 3 июня 1834.
Пушкин, Александр Сергеевич;поэт;"Пушкин А. С. Полное собрание сочинений: В 17 т.: Т. 15. Переписка, 1832—1834. М.: Воскресенье, 1996. — 418 с.; ил. ";1996;письмо;односторонняя;H. Н. Пушкиной. (1). 8 июня 1834.
Пушкин, Александр Сергеевич;поэт;"Пушкин А. С. Полное собрание сочинений: В 17 т.: Т. 15. Переписка, 1832—1834. М.: Воскресенье, 1996. — 418 с.; ил. ";1996;письмо;односторонняя;H. Н. Пушкиной. (1). 11 июня 1834.
Пеньковский, Иосиф (Осип) Матвеевич;белорусский дворянин, управляющий имениями Пушкиных в Болдино и Кистенево;"Пушкин А. С. Полное собрание сочинений: В 17 т.: Т. 15. Переписка, 1832—1834. М.: Воскресенье, 1996. — 418 с.; ил. ";1996;письмо;односторонняя;А. С. Пушкину. (1). 12 июня 1834.
Бантыш-Каменский, Дмитрий Николаевич;историк, чиновник, тобольский и виленский губернатор;"Пушкин А. С. Полное собрание сочинений: В 17 т.: Т. 15. Переписка, 1832—1834. М.: Воскресенье, 1996. — 418 с.; ил. ";1996;письмо;односторонняя;А. С. Пушкину. (1). 14 июня 1834.
Осипова, Прасковья Александровна (Вульф. Вындомская);псковская помещица, хозяйка усадьбы Тригорское, соседка А. С. Пушкина по имению Михайловское, близкий друг поэта;"Пушкин А. С. Полное собрание сочинений: В 17 т.: Т. 15. Переписка, 1832—1834. М.: Воскресенье, 1996. — 418 с.; ил. ";1996;письмо;односторонняя;А. С. Пушкину. (1). 17 июня 1834.
Пушкин, Александр Сергеевич;поэт;"Пушкин А. С. Полное собрание сочинений: В 17 т.: Т. 15. Переписка, 1832—1834. М.: Воскресенье, 1996. — 418 с.; ил. ";1996;письмо;односторонняя;H. H. Пушкиной. (1). ~ 19 июня 1834.
Рейхман, Карл;немец-агроном, управляющий имением П. А. Осиповой;"Пушкин А. С. Полное собрание сочинений: В 17 т.: Т. 15. Переписка, 1832—1834. М.: Воскресенье, 1996. — 418 с.; ил. ";1996;письмо;односторонняя;А. С. Пушкину. (1). 22 июня 1834.
Осипова, Прасковья Александровна (Вульф. Вындомская);псковская помещица, хозяйка усадьбы Тригорское, соседка А. С. Пушкина по имению Михайловское, близкий друг поэта;"Пушкин А. С. Полное собрание сочинений: В 17 т.: Т. 15. Переписка, 1832—1834. М.: Воскресенье, 1996. — 418 с.; ил. ";1996;письмо;односторонняя;А. С. Пушкину. (1). 24 июня 1834.
Пушкин, Александр Сергеевич;поэт;"Пушкин А. С. Полное собрание сочинений: В 17 т.: Т. 15. Переписка, 1832—1834. М.: Воскресенье, 1996. — 418 с.; ил. ";1996;письмо;двусторонняя;А. Х. Бенкендорфу. (1). 25 июня 1834.
Калашников, Михаил Иванович;крепостной, служивший в с. Михайловском при О. А. Ганнибале;"Пушкин А. С. Полное собрание сочинений: В 17 т.: Т. 15. Переписка, 1832—1834. М.: Воскресенье, 1996. — 418 с.; ил. ";1996;письмо;односторонняя;А. С. Пушкину.(1). 26 июня 1834.
Пушкин, Александр Сергеевич;поэт;"Пушкин А. С. Полное собрание сочинений: В 17 т.: Т. 15. Переписка, 1832—1834. М.: Воскресенье, 1996. — 418 с.; ил. ";1996;письмо;односторонняя;H. Н. Пушкиной. (1). ~ 27 июня 1834.
Пушкин, Александр Сергеевич;поэт;"Пушкин А. С. Полное собрание сочинений: В 17 т.: Т. 15. Переписка, 1832—1834. М.: Воскресенье, 1996. — 418 с.; ил. ";1996;письмо;односторонняя;Н. Н. Пушкиной. (1). ~ 28 июня 1834.
Нащокин, Павел Воинович;меценат, коллекционер;"Пушкин А. С. Полное собрание сочинений: В 17 т.: Т. 15. Переписка, 1832—1834. М.: Воскресенье, 1996. — 418 с.; ил. ";1996;письмо;односторонняя;А. С. Пушкину. (1). После 3 мая — июнь 1834.
Калашников, Михаил Иванович;крепостной, служивший в с. Михайловском при О. А. Ганнибале;"Пушкин А. С. Полное собрание сочинений: В 17 т.: Т. 15. Переписка, 1832—1834. М.: Воскресенье, 1996. — 418 с.; ил. ";1996;письмо;односторонняя;А. С. Пушкину. (1). Июнь 1834.
Пушкин, Александр Сергеевич;поэт;"Пушкин А. С. Полное собрание сочинений: В 17 т.: Т. 15. Переписка, 1832—1834. М.: Воскресенье, 1996. — 418 с.; ил. ";1996;письмо;односторонняя;H. Н. Пушкиной. (1). 30 июня 1834.
Бенкендорф, Александр Христофорович;государственный деятель, военачальник, генерал от кавалерии, шеф жандармов;"Пушкин А. С. Полное собрание сочинений: В 17 т.: Т. 15. Переписка, 1832—1834. М.: Воскресенье, 1996. — 418 с.; ил. ";1996;письмо;двусторонняя;А. С. Пушкину. (1). 30 июня 1834.
Жуковский, Вас/й Андреевич;поэт;"Пушкин А. С. Полное собрание сочинений: В 17 т.: Т. 15. Переписка, 1832—1834. М.: Воскресенье, 1996. — 418 с.; ил. ";1996;письмо;односторонняя;А. С. Пушкину. (1). 2 июля 1834.
Пушкин, Александр Сергеевич;поэт;"Пушкин А. С. Полное собрание сочинений: В 17 т.: Т. 15. Переписка, 1832—1834. М.: Воскресенье, 1996. — 418 с.; ил. ";1996;письмо;односторонняя;М. Л. Яковлеву. (1). 3 июля 1834.
Пушкин, Александр Сергеевич;поэт;"Пушкин А. С. Полное собрание сочинений: В 17 т.: Т. 15. Переписка, 1832—1834. М.: Воскресенье, 1996. — 418 с.; ил. ";1996;письмо;двусторонняя;А. Х. Бенкендорфу. (1). 3 июля 1834.
Жуковский, Вас/й Андреевич;поэт;"Пушкин А. С. Полное собрание сочинений: В 17 т.: Т. 15. Переписка, 1832—1834. М.: Воскресенье, 1996. — 418 с.; ил. ";1996;письмо;двусторонняя;А. С. Пушкину. (1). 3 июля 1834.
Пушкин, Александр Сергеевич;поэт;"Пушкин А. С. Полное собрание сочинений: В 17 т.: Т. 15. Переписка, 1832—1834. М.: Воскресенье, 1996. — 418 с.; ил. ";1996;письмо;двусторонняя;В. А. Жуковскому. (1). 4 июля 1834.
Пушкин, Александр Сергеевич;поэт;"Пушкин А. С. Полное собрание сочинений: В 17 т.: Т. 15. Переписка, 1832—1834. М.: Воскресенье, 1996. — 418 с.; ил. ";1996;письмо;двусторонняя;А. X. Бенкендорфу. (1). 4 июля 1834.
Пушкин, Александр Сергеевич;поэт;"Пушкин А. С. Полное собрание сочинений: В 17 т.: Т. 15. Переписка, 1832—1834. М.: Воскресенье, 1996. — 418 с.; ил. ";1996;письмо;односторонняя;М. Л. Яковлеву. (1). 5 июля 1834.
Жуковский, Вас/й Андреевич;поэт;"Пушкин А. С. Полное собрание сочинений: В 17 т.: Т. 15. Переписка, 1832—1834. М.: Воскресенье, 1996. — 418 с.; ил. ";1996;письмо;двусторонняя;А. С. Пушкину. (1). 6 июля 1834.
Пушкин, Александр Сергеевич;поэт;"Пушкин А. С. Полное собрание сочинений: В 17 т.: Т. 15. Переписка, 1832—1834. М.: Воскресенье, 1996. — 418 с.; ил. ";1996;письмо;двусторонняя;В. А. Жуковскому. (1). 6 июля 1834.
Пушкин, Александр Сергеевич;поэт;"Пушкин А. С. Полное собрание сочинений: В 17 т.: Т. 15. Переписка, 1832—1834. М.: Воскресенье, 1996. — 418 с.; ил. ";1996;письмо;двусторонняя;А. Х. Бенкендорфу. (1). 6 июля 1834.
Пушкин, Александр Сергеевич;поэт;"Пушкин А. С. Полное собрание сочинений: В 17 т.: Т. 15. Переписка, 1832—1834. М.: Воскресенье, 1996. — 418 с.; ил. ";1996;письмо;односторонняя;М. Н. Загоскину. (1). 9 июля 1834.
Пушкин, Александр Сергеевич;поэт;"Пушкин А. С. Полное собрание сочинений: В 17 т.: Т. 15. Переписка, 1832—1834. М.: Воскресенье, 1996. — 418 с.; ил. ";1996;письмо;односторонняя;H. H. Пушкиной. (1). 11 июля 1834.
Пушкин, Александр Сергеевич;поэт;"Пушкин А. С. Полное собрание сочинений: В 17 т.: Т. 15. Переписка, 1832—1834. М.: Воскресенье, 1996. — 418 с.; ил. ";1996;письмо;односторонняя;П. А. Осиповой. (1). 29 июня, 13 июля 1834.
Пушкин, Александр Сергеевич;поэт;"Пушкин А. С. Полное собрание сочинений: В 17 т.: Т. 15. Переписка, 1832—1834. М.: Воскресенье, 1996. — 418 с.; ил. ";1996;письмо;односторонняя;Н. Н. Пушкиной. (1). ~ 14 июля 1834 .
Пушкин, Александр Сергеевич;поэт;"Пушкин А. С. Полное собрание сочинений: В 17 т.: Т. 15. Переписка, 1832—1834. М.: Воскресенье, 1996. — 418 с.; ил. ";1996;письмо;односторонняя;Н. Н. Пушкиной. (1). 14 июля 1834.
Яковлев, Михаил Лукьянович;композитор, певец и государственный деятель, один из ближайших друзей А. С. Пушкина;"Пушкин А. С. Полное собрание сочинений: В 17 т.: Т. 15. Переписка, 1832—1834. М.: Воскресенье, 1996. — 418 с.; ил. ";1996;письмо;двусторонняя;А. С. Пушкину. (1). 6—15 июля 1834.
Пушкин, Александр Сергеевич;поэт;"Пушкин А. С. Полное собрание сочинений: В 17 т.: Т. 15. Переписка, 1832—1834. М.: Воскресенье, 1996. — 418 с.; ил. ";1996;письмо;двусторонняя;М. Л. Яковлеву. (1). 6—15 июля 1834.
Яковлев, Михаил Лукьянович;композитор, певец и государственный деятель, один из ближайших друзей А. С. Пушкина;"Пушкин А. С. Полное собрание сочинений: В 17 т.: Т. 15. Переписка, 1832—1834. М.: Воскресенье, 1996. — 418 с.; ил. ";1996;письмо;двусторонняя;А. С. Пушкину. (1). 6—15 июля 1834.
Пушкин, Александр Сергеевич;поэт;"Пушкин А. С. Полное собрание сочинений: В 17 т.: Т. 15. Переписка, 1832—1834. М.: Воскресенье, 1996. — 418 с.; ил. ";1996;письмо;двусторонняя;М. Л. Яковлеву. (1). 17 июля 1834.
Пушкин, Александр Сергеевич;поэт;"Пушкин А. С. Полное собрание сочинений: В 17 т.: Т. 15. Переписка, 1832—1834. М.: Воскресенье, 1996. — 418 с.; ил. ";1996;письмо;односторонняя;H. Н. Пушкиной. (1). ~ 26 июля 1834.
Пушкин, Александр Сергеевич;поэт;"Пушкин А. С. Полное собрание сочинений: В 17 т.: Т. 15. Переписка, 1832—1834. М.: Воскресенье, 1996. — 418 с.; ил. ";1996;письмо;односторонняя;Н. Н. Пушкиной. (1). ~ 30 июля 1331.
Пушкин, Александр Сергеевич;поэт;"Пушкин А. С. Полное собрание сочинений: В 17 т.: Т. 15. Переписка, 1832—1834. М.: Воскресенье, 1996. — 418 с.; ил. ";1996;письмо;односторонняя;А. Ваттемару. (1). Вторая половина июля 1834.
Пушкин, Александр Сергеевич;поэт;"Пушкин А. С. Полное собрание сочинений: В 17 т.: Т. 15. Переписка, 1832—1834. М.: Воскресенье, 1996. — 418 с.; ил. ";1996;письмо;односторонняя;H. H. Пушкиной. (1). 3 августа 1834.
Яковлев, Михаил Лукьянович;композитор, певец и государственный деятель, один из ближайших друзей А. С. Пушкина;"Пушкин А. С. Полное собрание сочинений: В 17 т.: Т. 15. Переписка, 1832—1834. М.: Воскресенье, 1996. — 418 с.; ил. ";1996;письмо;двусторонняя;А. С. Пушкину. (1). ~ 12 августа 1834.
Пушкин, Александр Сергеевич;поэт;"Пушкин А. С. Полное собрание сочинений: В 17 т.: Т. 15. Переписка, 1832—1834. М.: Воскресенье, 1996. — 418 с.; ил. ";1996;письмо;двусторонняя;М. Л. Яковлеву. (1). ~ 12 августа 1834.
Пушкин, Александр Сергеевич;поэт;"Пушкин А. С. Полное собрание сочинений: В 17 т.: Т. 15. Переписка, 1832—1834. М.: Воскресенье, 1996. — 418 с.; ил. ";1996;письмо;двусторонняя;М. Л. Яковлеву. (1). 10-е числа августа 1834.
Пушкин, Александр Сергеевич;поэт;"Пушкин А. С. Полное собрание сочинений: В 17 т.: Т. 15. Переписка, 1832—1834. М.: Воскресенье, 1996. — 418 с.; ил. ";1996;письмо;односторонняя;С. А. Соболевскому. (1). 23 июля —13 августа 1833 / апрель — середина августа 1834.
Пушкин, Александр Сергеевич;поэт;"Пушкин А. С. Полное собрание сочинений: В 17 т.: Т. 15. Переписка, 1832—1834. М.: Воскресенье, 1996. — 418 с.; ил. ";1996;письмо;односторонняя;И. И. Лажечникову. (1). ~ 20 августа 1834.
Пеньковский, Иосиф (Осип) Матвеевич;белорусский дворянин, управляющий имениями Пушкиных в Болдино и Кистенево;"Пушкин А. С. Полное собрание сочинений: В 17 т.: Т. 15. Переписка, 1832—1834. М.: Воскресенье, 1996. — 418 с.; ил. ";1996;письмо;односторонняя;А. С. Пушкину. (1). 21 августа 1834.
Пушкин, Александр Сергеевич;поэт;"Пушкин А. С. Полное собрание сочинений: В 17 т.: Т. 15. Переписка, 1832—1834. М.: Воскресенье, 1996. — 418 с.; ил. ";1996;письмо;односторонняя;Н. И. Гончаровой. (1). ~ 25 августа 1834.
Пушкин, Александр Сергеевич;поэт;"Пушкин А. С. Полное собрание сочинений: В 17 т.: Т. 15. Переписка, 1832—1834. М.: Воскресенье, 1996. — 418 с.; ил. ";1996;письмо;односторонняя;А. И. Тургеневу. (1). ~ 9 сентября 1834.
Пушкин, Александр Сергеевич;поэт;"Пушкин А. С. Полное собрание сочинений: В 17 т.: Т. 15. Переписка, 1832—1834. М.: Воскресенье, 1996. — 418 с.; ил. ";1996;письмо;односторонняя;С. А. Соболевскому. (1). 9 сентября 1834.
Пушкин, Александр Сергеевич;поэт;"Пушкин А. С. Полное собрание сочинений: В 17 т.: Т. 15. Переписка, 1832—1834. М.: Воскресенье, 1996. — 418 с.; ил. ";1996;письмо;односторонняя;А. И. Тургеневу. (1). 9—10 сентября 1834.
Болдинские крестьяне;;"Пушкин А. С. Полное собрание сочинений: В 17 т.: Т. 15. Переписка, 1832—1834. М.: Воскресенье, 1996. — 418 с.; ил. ";1996;письмо;односторонняя;А. С. Пушкину. (1). 15 сентября 1834.
Пушкин, Александр Сергеевич;поэт;"Пушкин А. С. Полное собрание сочинений: В 17 т.: Т. 15. Переписка, 1832—1834. М.: Воскресенье, 1996. — 418 с.; ил. ";1996;письмо;односторонняя;H. Н. Пушкиной. (1). 15, 17 сентября 1834.
Пушкин, Александр Сергеевич;поэт;"Пушкин А. С. Полное собрание сочинений: В 17 т.: Т. 15. Переписка, 1832—1834. М.: Воскресенье, 1996. — 418 с.; ил. ";1996;письмо;односторонняя;H. Н. Пушкиной. (1). 20-е числа (не позднее 25) сентября 1834.
Кистеневские крестьяне;;"Пушкин А. С. Полное собрание сочинений: В 17 т.: Т. 15. Переписка, 1832—1834. М.: Воскресенье, 1996. — 418 с.; ил. ";1996;письмо;односторонняя;А. С. Пушкину. (1). 25 сентября 1834.
Пушкин, Александр Сергеевич;поэт;"Пушкин А. С. Полное собрание сочинений: В 17 т.: Т. 15. Переписка, 1832—1834. М.: Воскресенье, 1996. — 418 с.; ил. ";1996;письмо;односторонняя;H. М. Языкову. (1). 26 сентября 1834.
Петров, Петр;староста болдинских крестьян;"Пушкин А. С. Полное собрание сочинений: В 17 т.: Т. 15. Переписка, 1832—1834. М.: Воскресенье, 1996. — 418 с.; ил. ";1996;письмо;односторонняя;А. С. Пушкину. (1). Конец сентября 1834.
Пеньковский, Иосиф (Осип) Матвеевич;белорусский дворянин, управляющий имениями Пушкиных в Болдино и Кистенево;"Пушкин А. С. Полное собрание сочинений: В 17 т.: Т. 15. Переписка, 1832—1834. М.: Воскресенье, 1996. — 418 с.; ил. ";1996;письмо;односторонняя;А. С. Пушкину. (1). 15 октября 1834.
Пушкин, Александр Сергеевич;поэт;"Пушкин А. С. Полное собрание сочинений: В 17 т.: Т. 15. Переписка, 1832—1834. М.: Воскресенье, 1996. — 418 с.; ил. ";1996;письмо;односторонняя;М. Л. Яковлеву. (1). 19 октября 1834.
Пушкин, Александр Сергеевич;поэт;"Пушкин А. С. Полное собрание сочинений: В 17 т.: Т. 15. Переписка, 1832—1834. М.: Воскресенье, 1996. — 418 с.; ил. ";1996;письмо;односторонняя;А. А. Фукс. (1). 19 октября 1834.
Павлищев, Николай Иванович;историк, тайный советник;"Пушкин А. С. Полное собрание сочинений: В 17 т.: Т. 15. Переписка, 1832—1834. М.: Воскресенье, 1996. — 418 с.; ил. ";1996;письмо;односторонняя;А. С. Пушкину. (1). 25 октября 1834.
Пушкин, Александр Сергеевич;поэт;"Пушкин А. С. Полное собрание сочинений: В 17 т.: Т. 15. Переписка, 1832—1834. М.: Воскресенье, 1996. — 418 с.; ил. ";1996;письмо;односторонняя;Н. В. Гоголю. (1). Вторая половина октября 1834.
Осипова, Прасковья Александровна (Вульф. Вындомская);псковская помещица, хозяйка усадьбы Тригорское, соседка А. С. Пушкина по имению Михайловское, близкий друг поэта;"Пушкин А. С. Полное собрание сочинений: В 17 т.: Т. 15. Переписка, 1832—1834. М.: Воскресенье, 1996. — 418 с.; ил. ";1996;письмо;односторонняя;А. С. Пушкину. (1). 1 ноября 1834.
Беклемишев, Пётр Никифорович;тайный советник, шталмейстер, член Придворной Конюшенной конторы и Экипажного Комитета;"Пушкин А. С. Полное собрание сочинений: В 17 т.: Т. 15. Переписка, 1832—1834. М.: Воскресенье, 1996. — 418 с.; ил. ";1996;письмо;односторонняя;А. С. Пушкину. (1). 3 ноября 1834.
Гоголь, Николай Васильевич;писатель;"Пушкин А. С. Полное собрание сочинений: В 17 т.: Т. 15. Переписка, 1832—1834. М.: Воскресенье, 1996. — 418 с.; ил. ";1996;письмо;односторонняя;А. С. Пушкину. (1). ~ 10 ноября 1834.
Пушкин, Александр Сергеевич;поэт;"Пушкин А. С. Полное собрание сочинений: В 17 т.: Т. 15. Переписка, 1832—1834. М.: Воскресенье, 1996. — 418 с.; ил. ";1996;письмо;односторонняя;И. М. Пеньковскому. (1). 10 ноября 1834.
Пушкин, Александр Сергеевич;поэт;"Пушкин А. С. Полное собрание сочинений: В 17 т.: Т. 15. Переписка, 1832—1834. М.: Воскресенье, 1996. — 418 с.; ил. ";1996;письмо;односторонняя;А. Х. Бенкендорфу. (1). 23 ноября 1834.
III Отделение ;;"Пушкин А. С. Полное собрание сочинений: В 17 т.: Т. 15. Переписка, 1832—1834. М.: Воскресенье, 1996. — 418 с.; ил. ";1996;письмо;односторонняя;А. С. Пушкину. (1). 4 декабря 1834.
Мордвинов, Александр Николаевич;участник войны 1812 года, управляющий III Отделением (1831—1839), вятский гражданский губернатор;"Пушкин А. С. Полное собрание сочинений: В 17 т.: Т. 15. Переписка, 1832—1834. М.: Воскресенье, 1996. — 418 с.; ил. ";1996;письмо;односторонняя;А. С. Пушкину. (1). 4 декабря 1834.
Пушкин, Александр Сергеевич;поэт;"Пушкин А. С. Полное собрание сочинений: В 17 т.: Т. 15. Переписка, 1832—1834. М.: Воскресенье, 1996. — 418 с.; ил. ";1996;письмо;односторонняя;А. И. Тургеневу. (1). Первая половина декабря 1834.
Нащокин, Павел Воинович;меценат, коллекционер;"Пушкин А. С. Полное собрание сочинений: В 17 т.: Т. 15. Переписка, 1832—1834. М.: Воскресенье, 1996. — 418 с.; ил. ";1996;письмо;односторонняя;А. С. Пушкину. (1). ~ 12 декабря 1834.
Пушкин, Александр Сергеевич;поэт;"Пушкин А. С. Полное собрание сочинений: В 17 т.: Т. 15. Переписка, 1832—1834. М.: Воскресенье, 1996. — 418 с.; ил. ";1996;письмо;односторонняя;А. Х. Бенкендорфу. (1). 17 декабря 1834.
Пушкин, Александр Сергеевич;поэт;"Пушкин А. С. Полное собрание сочинений: В 17 т.: Т. 15. Переписка, 1832—1834. М.: Воскресенье, 1996. — 418 с.; ил. ";1996;письмо;односторонняя;М. Л. Яковлеву. (1). 1833—1834.
